,shortages,mismatches,youngblood,FIFO,usability,substitution,today,total_antibodies,max_antibodies_pp,alloimm_patients,antibodies A,antibodies B,antibodies D,antibodies C,antibodies c,antibodies E,antibodies e,antibodies K,antibodies Fya,antibodies Fyb,antibodies Jka,antibodies Jkb,antibodies M,antibodies N,antibodies S,total_shortages,total_outdates,total_alloimm_risk,issuing_age_SCD
0,10.0,0.0,0.49,0.56,0.76,0.67,0.56,20,2,18,0,0,0,0,0,0,0,0,5,1,2,2,7,2,1,51.0,0.0,225.697552,0.9645228421365574
1,10.0,0.01,0.59,0.33,0.05,0.28,0.51,9,1,9,0,0,0,0,0,0,0,0,2,0,0,0,6,0,1,1.0,0.0,193.72344500000003,0.8878818737270876
2,10.0,0.02,0.45,0.65,0.13,0.83,0.59,14,2,13,0,0,0,0,0,0,0,0,2,0,0,0,11,1,0,90.0,0.0,195.206668,0.9195198740653286
3,10.0,0.03,0.42,0.47,0.63,0.05,0.4,8,1,8,0,0,0,0,0,0,0,0,0,0,1,0,6,0,1,39.0,0.0,214.058917,0.937681595030558
4,10.0,0.04,0.57,0.91,0.39,0.43,0.25,9,1,9,0,0,0,0,0,0,0,0,0,1,0,0,6,2,0,44.0,0.0,209.886194,0.9155422803584304
5,10.0,0.05,0.54,0.01,0.56,0.48,0.52,11,1,11,0,0,0,0,0,0,0,0,0,0,2,0,9,0,0,160.0,0.0,202.308712,0.943425713690352
6,10.0,0.06,0.25,0.42,0.65,0.62,0.03,13,1,13,0,0,0,0,0,0,0,0,0,0,0,3,5,5,0,1483.0,0.0,192.949969,0.9055109448905512
7,10.0,0.07,0.95,0.36,0.55,0.21,0.68,22,2,20,0,0,0,0,0,0,0,0,6,1,3,2,10,0,0,17.0,0.0,204.174173,0.8990166014592366
8,10.0,0.08,0.83,0.34,0.46,0.46,0.07,22,3,17,0,0,0,0,0,0,0,0,2,4,2,1,9,2,2,22.0,0.0,195.603845,0.9007
9,10.0,0.09,0.75,0.3,0.26,0.64,0.96,11,2,9,0,0,0,0,0,0,0,0,1,0,1,0,7,1,1,52.0,0.0,203.819344,0.9457685316097758
10,10.0,0.1,0.02,0.59,0.25,0.32,0.36,14,2,13,0,0,0,0,0,0,0,0,0,2,2,0,9,0,1,84.0,0.0,192.20519,0.8868283881315157
11,10.0,0.11,0.03,0.31,0.32,0.73,0.75,11,1,11,0,0,0,0,0,0,0,0,0,1,0,0,10,0,0,71.0,0.0,194.028456,0.9148351648351648
12,10.0,0.12,0.26,0.17,0.11,0.68,0.22,11,1,11,0,0,0,0,0,0,0,0,1,1,0,1,8,0,0,5.0,0.0,167.83561799999998,0.8504929362740116
13,10.0,0.13,0.71,0.83,0.85,0.22,0.83,8,1,8,0,0,0,0,0,0,0,0,0,0,1,0,5,2,0,48.0,0.0,215.359995,0.9274621986105436
14,10.0,0.14,0.68,0.86,0.18,0.29,0.81,8,1,8,0,0,0,0,0,0,0,0,1,1,1,0,4,1,0,0.0,0.0,185.644986,0.8830975428145942
15,10.0,0.15,0.98,0.78,0.51,0.69,0.7,5,1,5,0,0,0,0,0,0,0,0,0,0,0,0,5,0,0,37.0,0.0,197.715343,0.9252016129032258
16,10.0,0.16,0.09,0.89,0.79,0.39,0.39,12,2,11,0,0,0,0,0,0,0,0,0,0,3,0,8,1,0,48.0,0.0,196.998839,0.9085047589806572
17,10.0,0.17,0.86,0.24,0.54,0.96,0.47,11,1,11,0,0,0,0,0,0,0,0,1,0,1,0,9,0,0,17.0,0.0,202.519502,0.9334654291375536
18,10.0,0.18,0.2,0.69,0.52,0.2,0.9,16,2,15,0,0,0,0,0,0,0,0,1,0,1,0,10,2,2,1.0,0.0,205.81026900000003,0.9286636860407352
19,10.0,0.19,0.04,0.26,0.84,0.42,0.63,11,2,8,0,0,0,0,0,0,0,0,2,0,0,1,5,2,1,0.0,0.0,207.527239,0.924885496183206
20,10.0,0.2,0.79,0.81,0.67,0.94,0.2,14,2,12,0,0,0,0,0,0,0,0,2,0,0,0,9,2,1,10.0,0.0,190.971773,0.8758352448389348
21,10.0,0.21,0.4,0.18,0.74,0.81,0.97,15,1,15,0,0,0,0,0,0,0,0,2,0,1,0,11,0,1,2.0,0.0,205.385076,0.9343928280358598
22,10.0,0.22,0.14,0.84,0.47,0.92,0.3,12,1,12,0,0,0,0,0,0,0,0,0,0,0,0,7,3,2,54.0,0.0,187.724776,0.9081920903954802
23,10.0,0.23,0.9,0.73,0.87,0.35,0.27,13,2,12,0,0,0,0,0,0,0,0,0,1,0,0,9,2,1,14.0,0.0,205.297575,0.8957684189365765
24,10.0,0.24,0.5,0.2,0.78,0.1,0.91,10,1,10,0,0,0,0,0,0,0,0,1,0,1,0,8,0,0,0.0,0.0,199.042001,0.9180035650623886
25,10.0,0.25,0.16,0.14,0.27,0.12,0.71,21,2,19,0,0,0,0,0,0,0,0,3,0,2,0,16,0,0,5.0,0.0,196.780103,0.88335466089182
26,10.0,0.26,0.92,0.67,0.23,0.07,0.32,12,1,12,0,0,0,0,0,0,0,0,0,0,0,0,12,0,0,2.0,0.0,193.417273,0.8803959587713032
27,10.0,0.27,0.1,0.77,0.72,0.77,0.88,12,1,12,0,0,0,0,0,0,0,0,0,0,0,0,10,1,1,69.0,0.0,198.331982,0.9219701743331232
28,10.0,0.28,0.91,0.63,0.06,0.71,0.31,8,1,8,0,0,0,0,0,0,0,0,0,1,0,0,7,0,0,23.0,0.0,143.038533,0.8660527417329427
29,10.0,0.29,0.72,0.72,0.98,0.9,0.89,17,2,15,0,0,0,0,0,0,0,0,1,1,3,0,9,3,0,32.0,0.0,204.047796,0.9277182235834608
30,10.0,0.3,0.39,0.35,0.15,0.14,0.02,11,1,11,0,0,0,0,0,0,0,0,0,1,0,0,7,2,1,32.0,0.0,147.852345,0.8789074355083459
31,10.0,0.31,0.76,0.13,0.89,0.17,0.26,13,2,12,0,0,0,0,0,0,0,0,1,0,2,1,7,2,0,7.0,0.0,190.221636,0.8971107877780087
32,10.0,0.32,0.21,0.06,0.66,0.89,0.38,18,2,17,0,0,0,0,0,0,0,0,3,1,0,0,11,2,1,21.0,0.0,194.187301,0.9146455709378578
33,10.0,0.33,0.15,0.02,0.58,0.25,0.18,10,2,9,0,0,0,0,0,0,0,0,1,1,1,0,5,1,1,2.0,0.0,177.210305,0.8994894383822204
34,10.0,0.34,0.88,0.19,0.93,0.57,0.73,15,2,13,0,0,0,0,0,0,0,0,3,1,0,0,9,2,0,8.0,0.0,181.46972,0.9003395246654683
35,10.0,0.35,0.24,0.49,0.97,0.18,0.05,8,1,8,0,0,0,0,0,0,0,0,1,0,0,0,7,0,0,443.0,0.0,192.061838,0.8767123287671232
36,10.0,0.36,0.33,0.74,0.01,0.63,0.09,13,1,13,0,0,0,0,0,0,0,0,0,0,0,0,12,0,1,5.0,0.0,120.043299,0.9164546657169024
37,10.0,0.37,0.93,0.05,0.16,0.53,0.43,10,2,9,0,0,0,0,0,0,0,0,0,1,0,0,6,2,1,0.0,0.0,157.16637199999997,0.8989317134478425
38,10.0,0.38,0.66,0.32,0.95,0.75,0.17,7,1,7,0,0,0,0,0,0,0,0,0,0,0,0,7,0,0,0.0,0.0,179.005717,0.9017276422764228
39,10.0,0.39,0.48,0.08,0.14,0.91,0.67,6,1,6,0,0,0,0,0,0,0,0,0,0,0,0,3,3,0,39.0,0.0,162.99322,0.884780827529701
40,10.0,0.4,0.19,0.98,0.19,0.52,0.64,13,2,12,0,0,0,0,0,0,0,0,1,1,0,0,10,1,0,83.0,0.0,168.40376199999997,0.8528872099298435
41,10.0,0.41,0.52,0.41,0.36,0.98,0.06,16,1,16,0,0,0,0,0,0,0,0,1,0,1,0,11,2,1,6.0,0.0,165.11184899999998,0.8853862423204754
42,10.0,0.42,0.37,0.66,0.04,0.01,0.53,9,1,9,0,0,0,0,0,0,0,0,1,0,0,1,6,1,0,33.0,0.0,146.710835,0.9746616464841764
43,10.0,0.43,0.31,0.45,0.03,0.49,0.92,18,2,17,0,0,0,0,0,0,0,0,0,1,0,0,15,2,0,4.0,0.0,119.071277,0.8826625386996904
44,10.0,0.44,0.62,0.88,0.21,0.86,0.93,11,2,10,0,0,0,0,0,0,0,0,2,0,0,0,7,1,1,2.0,0.0,169.810781,0.872572191963827
45,10.0,0.45,0.51,0.96,0.64,0.04,0.45,12,2,11,0,0,0,0,0,0,0,0,0,1,0,1,7,2,1,1.0,0.0,198.727974,0.9006667974112571
46,10.0,0.46,0.53,0.48,0.41,0.45,0.44,9,1,9,0,0,0,0,0,0,0,0,1,1,0,0,7,0,0,13.0,0.0,175.259411,0.8927903594431748
47,10.0,0.47,0.67,0.07,0.34,0.0,0.42,10,1,10,0,0,0,0,0,0,0,0,2,0,1,0,5,1,1,65.0,0.0,211.45408300000005,0.9092076664690772
48,10.0,0.48,0.55,0.99,0.69,0.65,0.58,11,2,10,0,0,0,0,0,0,0,0,2,0,1,1,6,0,1,0.0,0.0,197.054261,0.9054285426528352
49,10.0,0.49,0.41,0.85,0.7,0.59,0.0,6,1,6,0,0,0,0,0,0,0,0,0,0,0,0,6,0,0,31377.0,0.0,79.68372299999999,0.7809423347398031
50,10.0,0.5,0.08,0.58,0.94,0.84,0.35,14,2,12,0,0,0,0,0,0,0,0,0,0,2,0,10,2,0,1.0,0.0,189.71523,0.9044612358969052
51,10.0,0.51,0.84,0.39,0.12,0.16,0.85,5,1,5,0,0,0,0,0,0,0,0,0,0,0,0,5,0,0,12.0,0.0,157.48583399999998,0.8678527354997944
52,10.0,0.52,0.65,0.57,0.62,0.5,0.99,20,2,18,0,0,0,0,0,0,0,0,2,0,0,0,15,2,1,48.0,0.0,199.701587,0.9078879354905408
53,10.0,0.53,0.44,0.53,0.99,0.37,0.57,21,3,16,0,0,0,0,0,0,0,0,2,1,3,1,10,3,1,15.0,0.0,191.30667,0.8922198429693077
54,10.0,0.54,0.06,0.51,0.59,0.03,0.46,14,1,14,0,0,0,0,0,0,0,0,3,0,0,0,9,1,1,97.0,0.0,215.368625,0.8819632640770853
55,10.0,0.55,0.46,0.5,0.57,0.99,0.66,11,2,10,0,0,0,0,0,0,0,0,2,0,0,1,6,1,1,0.0,0.0,184.392994,0.9155773955773956
56,10.0,0.56,0.69,0.55,0.61,0.08,0.01,7,1,7,0,0,0,0,0,0,0,0,0,0,0,0,4,3,0,3884.0,0.0,154.903932,0.8630793069446401
57,10.0,0.57,0.61,0.0,0.45,0.44,0.86,10,1,10,0,0,0,0,0,0,0,0,0,0,0,0,10,0,0,0.0,45.0,185.897939,0.9502462043496102
58,10.0,0.58,0.0,0.43,0.43,0.6,0.14,9,2,8,0,0,0,0,0,0,0,0,1,0,0,0,7,1,0,1.0,0.0,173.54038,0.8967536980045666
59,10.0,0.59,0.17,0.9,0.31,0.19,0.1,12,2,11,0,0,0,0,0,0,0,0,1,0,0,0,10,1,0,3.0,0.0,155.754222,0.8882495457298607
60,10.0,0.6,0.63,0.03,0.49,0.55,0.04,11,1,11,0,0,0,0,0,0,0,0,0,1,1,0,9,0,0,116.0,0.0,157.509272,0.8899926801213008
61,10.0,0.61,0.97,0.4,0.28,0.82,0.8,12,2,11,0,0,0,0,0,0,0,0,0,0,0,0,10,1,1,147.0,0.0,165.35139,0.9022879932829556
62,10.0,0.62,0.77,0.97,0.2,0.4,0.15,10,1,10,0,0,0,0,0,0,0,0,0,0,0,0,9,0,1,2.0,0.0,146.338954,0.8841171781586289
63,10.0,0.63,0.87,0.46,0.71,0.02,0.65,15,1,15,0,0,0,0,0,0,0,0,3,1,0,0,7,3,1,14.0,0.0,206.483556,0.869777593016005
64,10.0,0.64,0.99,0.52,0.53,0.66,0.12,12,2,10,0,0,0,0,0,0,0,0,0,1,1,2,5,1,2,0.0,0.0,169.85686500000003,0.8868308569102381
65,10.0,0.65,0.18,0.54,0.07,0.93,0.48,11,2,10,0,0,0,0,0,0,0,0,0,0,0,0,9,1,1,5.0,0.0,128.05584800000003,0.8640434738854785
66,10.0,0.66,0.94,0.92,0.4,0.3,0.72,17,2,16,0,0,0,0,0,0,0,0,1,1,0,0,11,2,2,2.0,0.0,181.493981,0.8759975445058318
67,10.0,0.67,0.01,0.1,0.38,0.58,0.69,19,3,14,0,0,0,0,0,0,0,0,1,3,0,1,9,2,3,11.0,0.0,168.28375000000003,0.8905177791640674
68,10.0,0.68,0.07,0.95,0.75,0.31,0.74,15,1,15,0,0,0,0,0,0,0,0,0,1,1,0,12,0,1,98.0,0.0,192.418845,0.8967782295902409
69,10.0,0.69,0.35,0.11,0.02,0.47,0.33,13,1,13,0,0,0,0,0,0,0,0,0,0,0,0,10,2,1,12.0,0.0,98.433858,0.8873954915864113
70,10.0,0.7,0.13,0.37,0.73,0.27,0.98,11,1,11,0,0,0,0,0,0,0,0,0,0,0,0,11,0,0,0.0,0.0,200.981135,0.9095689832955248
71,10.0,0.71,0.73,0.87,0.3,0.97,0.34,12,2,11,0,0,0,0,0,0,0,0,1,0,0,1,9,1,0,23.0,0.0,162.93312799999998,0.8823236844722968
72,10.0,0.72,0.85,0.38,0.08,0.26,0.13,4,1,4,0,0,0,0,0,0,0,0,0,0,0,0,3,1,0,32.0,0.0,126.80009599999998,0.8983417447728911
73,10.0,0.73,0.96,0.64,0.88,0.7,0.61,9,1,9,0,0,0,0,0,0,0,0,1,0,0,0,8,0,0,5.0,0.0,186.341543,0.9052620632279534
74,10.0,0.74,0.36,0.04,0.8,0.11,0.54,17,2,15,0,0,0,0,0,0,0,0,2,1,0,1,12,1,0,3.0,0.0,185.541702,0.9243440520812783
75,10.0,0.75,0.38,0.8,0.29,0.15,0.95,18,2,17,0,0,0,0,0,0,0,0,1,1,0,0,14,1,1,53.0,0.0,169.22950699999998,0.8797331965110313
76,10.0,0.76,0.27,0.12,0.91,0.78,0.77,15,2,12,0,0,0,0,0,0,0,0,3,0,1,0,9,1,1,8.0,0.0,190.058208,0.9119465986060664
77,10.0,0.77,0.22,0.16,0.92,0.56,0.16,15,1,15,0,0,0,0,0,0,0,0,2,0,1,0,8,4,0,15.0,0.0,171.90268600000002,0.8666455160744501
78,10.0,0.78,0.81,0.09,0.68,0.85,0.49,12,1,12,0,0,0,0,0,0,0,0,0,0,0,0,9,1,2,10.0,0.0,170.29410499999997,0.8923803655781475
79,10.0,0.79,0.11,0.68,0.37,0.72,0.94,9,1,9,0,0,0,0,0,0,0,0,0,0,0,0,9,0,0,1.0,0.0,172.049267,0.8743276789408357
80,10.0,0.8,0.64,0.71,0.0,0.54,0.62,7,1,7,0,0,0,0,0,0,0,0,0,0,0,0,6,1,0,33.0,0.0,99.736607,0.9447714866745156
81,10.0,0.81,0.8,0.27,0.09,0.87,0.29,15,2,14,0,0,0,0,0,0,0,0,1,0,0,0,12,2,0,89.0,0.0,124.58974700000002,0.8694178628389154
82,10.0,0.82,0.12,0.94,0.5,0.74,0.37,11,1,11,0,0,0,0,0,0,0,0,0,0,0,0,11,0,0,97.0,0.0,171.433702,0.9148758606300856
83,10.0,0.83,0.05,0.61,0.1,0.34,0.5,9,1,9,0,0,0,0,0,0,0,0,0,0,0,0,8,1,0,130.0,0.0,144.68080999999998,0.9000601443464314
84,10.0,0.84,0.82,0.93,0.77,0.36,0.23,10,2,9,0,0,0,0,0,0,0,0,1,0,0,1,7,1,0,24.0,0.0,178.133049,0.8932177460479347
85,10.0,0.85,0.3,0.76,0.96,0.8,0.79,13,2,12,0,0,0,0,0,0,0,0,1,0,0,0,10,1,1,48.0,0.0,186.242641,0.8944055234033912
86,10.0,0.86,0.34,0.21,0.22,0.09,0.76,10,1,10,0,0,0,0,0,0,0,0,0,0,0,0,6,4,0,35.0,0.0,166.834746,0.8945804022589914
87,10.0,0.87,0.29,0.25,0.42,0.13,0.11,16,2,15,0,0,0,0,0,0,0,0,0,0,1,0,12,0,3,88.0,0.0,166.27768899999998,0.8820154391821406
88,10.0,0.88,0.28,0.15,0.44,0.95,0.28,10,2,8,0,0,0,0,0,0,0,0,2,0,0,0,7,1,0,3.0,0.0,160.038083,0.8584079909381114
89,10.0,0.89,0.23,0.75,0.83,0.23,0.19,12,3,9,0,0,0,0,0,0,0,0,2,0,1,0,7,1,1,41.0,0.0,184.911184,0.8683819891142999
90,10.0,0.9,0.56,0.62,0.81,0.88,0.21,10,1,10,0,0,0,0,0,0,0,0,0,1,0,0,8,0,1,0.0,0.0,174.41760699999998,0.893185618729097
91,10.0,0.91,0.78,0.29,0.86,0.33,0.24,10,2,9,0,0,0,0,0,0,0,0,1,0,1,0,7,0,1,5.0,0.0,185.927461,0.8838992332968236
92,10.0,0.92,0.74,0.22,0.9,0.41,0.87,10,1,10,0,0,0,0,0,0,0,0,0,1,0,0,7,2,0,46.0,0.0,180.221466,0.8806315366049879
93,10.0,0.93,0.58,0.7,0.33,0.06,0.41,8,1,8,0,0,0,0,0,0,0,0,0,0,0,0,8,0,0,1.0,0.0,181.18543799999995,0.8707711063700091
94,10.0,0.94,0.43,0.6,0.24,0.61,0.08,5,1,5,0,0,0,0,0,0,0,0,0,0,0,0,5,0,0,31.0,0.0,143.44209199999997,0.8724032479173257
95,10.0,0.95,0.47,0.23,0.17,0.76,0.82,11,1,11,0,0,0,0,0,0,0,0,0,0,1,0,9,0,1,9.0,0.0,150.16595199999998,0.9254074592540746
96,10.0,0.96,0.6,0.82,0.82,0.24,0.78,15,2,13,0,0,0,0,0,0,0,0,1,2,0,1,10,1,0,103.0,0.0,185.806706,0.8907509546033093
97,10.0,0.97,0.89,0.28,0.35,0.38,0.6,14,1,14,0,0,0,0,0,0,0,0,0,0,0,0,11,1,2,4.0,0.0,162.034878,0.8889112093210124
98,10.0,0.98,0.7,0.79,0.48,0.79,0.84,14,1,14,0,0,0,0,0,0,0,0,0,0,0,0,11,2,1,1.0,0.0,169.153904,0.8963152507676561
99,10.0,0.99,0.32,0.44,0.6,0.51,0.55,12,1,12,0,0,0,0,0,0,0,0,1,0,0,0,9,1,1,41.0,0.0,174.81510099999997,0.8972650422675286
100,10.0,0.65,0.94,0.27,0.32,0.54,0.07,14,2,13,0,0,0,0,0,0,0,0,0,0,0,1,10,3,0,2.0,0.0,158.79319200000003,0.8763506625891947
101,10.0,0.45,0.73,0.11,0.39,0.07,0.71,10,1,10,0,0,0,0,0,0,0,0,1,0,0,0,8,1,0,16.0,0.0,192.821696,0.9127953544253103
102,10.0,0.16,0.75,0.53,0.83,0.03,0.7,11,1,11,0,0,0,0,0,0,0,0,1,0,1,0,7,2,0,11.0,0.0,213.911592,0.9212346443687416
103,10.0,0.54,0.43,0.39,0.91,0.37,0.87,9,1,9,0,0,0,0,0,0,0,0,0,1,0,0,8,0,0,40.0,0.0,186.598456,0.9028097190280971
104,10.0,0.02,0.6,0.73,0.95,0.1,0.68,10,2,9,0,0,0,0,0,0,0,0,2,0,0,0,7,1,0,84.0,0.0,227.389014,0.9466598150051388
105,10.0,0.06,0.4,0.19,0.72,0.32,0.81,17,2,16,0,0,0,0,0,0,0,0,1,3,0,0,11,2,0,44.0,0.0,212.703975,0.9407496977025392
106,10.0,0.32,0.1,0.09,0.93,0.22,0.21,19,1,19,0,0,0,0,0,0,0,0,0,0,2,1,11,4,1,6.0,0.0,196.884301,0.8925922162381872
107,10.0,0.47,0.59,0.24,0.09,0.65,0.33,10,1,10,0,0,0,0,0,0,0,0,0,0,0,0,7,3,0,57.0,0.0,139.319369,0.8564908722109533
108,10.0,0.46,0.74,0.33,0.38,0.43,0.51,17,2,14,0,0,0,0,0,0,0,0,4,0,1,0,10,1,1,28.0,0.0,174.66060600000003,0.9071223316912972
109,10.0,0.77,0.29,0.21,0.43,0.79,0.12,10,2,9,0,0,0,0,0,0,0,0,0,1,0,0,8,0,1,172.0,0.0,155.174242,0.8841032043279234
110,10.0,0.19,0.04,0.37,0.34,0.09,0.32,13,1,13,0,0,0,0,0,0,0,0,0,0,2,0,6,4,1,22.0,0.0,202.023448,0.8944551055448945
111,10.0,0.57,0.49,0.87,0.27,0.62,0.22,11,1,11,0,0,0,0,0,0,0,0,0,0,0,1,8,1,1,0.0,0.0,161.314603,0.8652635922830909
112,10.0,0.94,0.92,0.55,0.84,1.0,0.52,14,2,12,0,0,0,0,0,0,0,0,1,1,2,0,9,1,0,44.0,0.0,185.35368,0.8953691344080501
113,10.0,0.7,0.57,0.66,0.33,0.16,0.76,13,1,13,0,0,0,0,0,0,0,0,0,1,0,0,10,2,0,14.0,0.0,181.501973,0.882183316168898
114,10.0,0.26,0.27,0.62,0.07,0.72,0.69,9,1,9,0,0,0,0,0,0,0,0,0,0,0,0,9,0,0,7.0,0.0,156.887846,0.8471526428790512
115,10.0,0.17,0.54,0.85,0.77,0.71,0.13,5,1,5,0,0,0,0,0,0,0,0,0,0,0,0,5,0,0,0.0,0.0,189.90141100000005,0.9085582757899142
116,10.0,0.71,0.95,0.5,0.6,0.56,0.14,11,1,11,0,0,0,0,0,0,0,0,0,1,0,0,9,0,1,19.0,0.0,170.771079,0.8782401430132089
117,10.0,0.5,0.33,0.72,0.61,0.67,0.75,6,2,5,0,0,0,0,0,0,0,0,0,2,0,0,3,1,0,8.0,0.0,191.330339,0.922062855937566
118,10.0,0.04,0.02,0.06,0.3,0.5,0.48,11,2,10,0,0,0,0,0,0,0,0,3,0,0,0,5,3,0,12.0,0.0,207.916447,0.9428309385509018
119,10.0,0.18,0.52,0.2,0.14,0.29,0.09,11,2,10,0,0,0,0,0,0,0,0,0,0,0,2,6,2,1,14.0,0.0,162.154568,0.8588944518238479
120,10.0,0.96,0.76,0.52,0.5,0.3,0.64,10,1,10,0,0,0,0,0,0,0,0,0,0,0,0,8,1,1,0.0,0.0,169.17702799999998,0.8959782280012095
121,10.0,0.43,0.68,0.07,0.82,0.05,0.34,11,1,11,0,0,0,0,0,0,0,0,1,0,0,1,7,1,1,10.0,0.0,199.785495,0.9225080720758254
122,10.0,0.78,0.39,0.26,0.47,0.14,0.85,19,2,16,0,0,0,0,0,0,0,0,0,1,0,1,11,4,2,40.0,0.0,183.553947,0.892293114339861
123,10.0,0.31,0.28,0.69,0.31,0.06,0.3,8,1,8,0,0,0,0,0,0,0,0,2,0,1,0,5,0,0,70.0,0.0,189.657248,0.8935817805383023
124,10.0,0.29,0.18,0.68,0.16,0.73,0.49,16,2,14,0,0,0,0,0,0,0,0,0,1,0,1,13,1,0,1.0,0.0,167.637912,0.8859879032258065
125,10.0,0.89,0.65,0.89,0.86,0.34,0.53,15,2,14,0,0,0,0,0,0,0,0,0,1,1,0,13,0,0,54.0,0.0,179.562358,0.8773844849512505
126,10.0,0.91,0.34,0.15,0.12,0.25,0.63,10,2,9,0,0,0,0,0,0,0,0,0,1,0,0,9,0,0,10.0,0.0,137.88129700000002,0.908646654034108
127,10.0,0.76,0.82,0.9,0.63,0.57,0.25,8,1,8,0,0,0,0,0,0,0,0,0,0,0,0,6,2,0,14.0,0.0,170.084453,0.8915165542920398
128,10.0,0.66,0.31,0.01,0.56,0.87,0.95,12,2,11,0,0,0,0,0,0,0,0,1,1,1,0,7,2,0,92.0,0.0,181.478214,0.9251980656446136
129,10.0,0.49,0.08,0.88,0.49,0.11,0.24,15,1,15,0,0,0,0,0,0,0,0,0,0,0,0,10,3,2,32.0,0.0,194.221005,0.8638132295719845
130,10.0,0.55,0.01,0.41,0.71,0.75,0.5,15,2,13,0,0,0,0,0,0,0,0,0,2,0,1,9,1,2,14.0,0.0,185.691788,0.897443669798929
131,10.0,0.24,0.24,0.78,0.35,0.97,0.79,15,2,13,0,0,0,0,0,0,0,0,0,2,1,1,10,1,0,3.0,0.0,189.426405,0.8956530489031999
132,10.0,0.12,0.86,0.45,0.75,0.63,0.41,15,2,14,0,0,0,0,0,0,0,0,4,0,0,0,11,0,0,0.0,0.0,202.124044,0.9300207039337474
133,10.0,0.86,0.38,0.36,0.15,0.81,0.91,10,2,8,0,0,0,0,0,0,0,0,0,1,1,0,7,1,0,92.0,0.0,147.25257299999998,0.8752072968490879
134,10.0,0.01,0.2,0.42,0.36,0.82,0.86,12,1,12,0,0,0,0,0,0,0,0,3,0,1,3,5,0,0,83.0,0.0,227.945126,0.9643688632452676
135,10.0,0.4,0.48,0.92,0.98,0.9,0.74,7,1,7,0,0,0,0,0,0,0,0,0,0,1,0,5,1,0,26.0,0.0,194.920491,0.9169513236549958
136,10.0,0.13,1.0,0.29,0.78,0.44,0.36,14,2,12,0,0,0,0,0,0,0,0,3,1,0,0,6,3,1,33.0,0.0,194.82571,0.9243689027456502
137,10.0,0.2,0.72,0.34,0.92,0.41,0.97,10,2,9,0,0,0,0,0,0,0,0,0,1,2,0,6,1,0,78.0,0.0,201.836941,0.9380626223091976
138,10.0,0.22,0.71,0.82,0.06,0.59,0.98,8,1,8,0,0,0,0,0,0,0,0,0,0,0,0,7,0,1,18.0,0.0,162.642072,0.8992849846782431
139,10.0,0.97,0.97,0.77,0.66,0.85,0.37,16,2,13,0,0,0,0,0,0,0,0,2,1,0,1,11,1,0,94.0,0.0,177.54471199999998,0.8809375648205766
140,10.0,0.72,0.45,0.76,0.41,0.83,1.0,14,2,13,0,0,0,0,0,0,0,0,0,1,0,0,10,1,2,33.0,0.0,176.92438299999998,0.8970603091221335
141,10.0,0.95,0.42,0.94,0.64,0.13,0.28,6,1,6,0,0,0,0,0,0,0,0,0,0,0,0,5,1,0,92.0,0.0,175.53149600000003,0.8711241288758711
142,10.0,0.9,0.93,0.56,0.29,0.27,0.66,17,2,16,0,0,0,0,0,0,0,0,0,1,0,0,15,1,0,0.0,0.0,165.526209,0.8809643395278755
143,10.0,0.53,0.83,0.7,0.87,0.2,0.15,8,1,8,0,0,0,0,0,0,0,0,0,0,0,0,5,1,2,2.0,0.0,186.502086,0.8917332793686128
144,10.0,0.23,0.88,0.98,0.1,0.04,0.1,7,1,7,0,0,0,0,0,0,0,0,0,1,0,0,6,0,0,0.0,0.0,159.003268,0.8871610845295056
145,10.0,0.99,0.69,0.51,0.18,0.61,0.01,11,1,11,0,0,0,0,0,0,0,0,0,0,0,0,8,2,1,417.0,0.0,139.82130999999998,0.8799486161392035
146,10.0,0.64,0.22,0.04,0.7,0.84,0.26,8,1,8,0,0,0,0,0,0,0,0,0,0,0,0,6,0,2,0.0,0.0,175.86084899999997,0.9135594896647216
147,10.0,0.81,0.19,0.74,0.65,0.78,0.82,14,1,14,0,0,0,0,0,0,0,0,0,0,0,0,12,2,0,33.0,0.0,183.823062,0.8915254237288136
148,10.0,0.74,0.61,0.84,0.88,0.42,0.89,19,2,17,0,0,0,0,0,0,0,0,6,1,0,0,8,3,1,58.0,0.0,196.623935,0.8990440172287005
149,10.0,0.09,0.26,0.58,0.01,0.45,0.27,11,1,11,0,0,0,0,0,0,0,0,0,0,0,0,9,2,0,13.0,0.0,139.381527,0.9303451828954148
150,10.0,0.84,0.63,0.31,0.08,0.36,0.19,10,1,10,0,0,0,0,0,0,0,0,0,0,0,1,8,1,0,79.0,0.0,127.36082,0.8805954719321823
151,10.0,0.3,0.77,0.1,0.57,0.91,0.4,9,1,9,0,0,0,0,0,0,0,0,1,0,1,0,5,0,2,0.0,0.0,193.718418,0.90872316149777
152,10.0,1.0,0.78,0.43,0.11,0.47,0.23,8,2,7,0,0,0,0,0,0,0,0,0,0,1,0,6,1,0,2.0,0.0,132.32803799999996,0.8673753741356177
153,10.0,0.37,0.12,0.91,0.45,0.48,0.58,7,1,7,0,0,0,0,0,0,0,0,1,1,0,0,5,0,0,1.0,0.0,182.61541,0.9007410499947812
154,10.0,0.51,0.35,0.99,0.26,0.33,0.65,9,1,9,0,0,0,0,0,0,0,0,0,0,0,0,7,1,1,26.0,0.0,168.72329499999998,0.88332652227217
155,10.0,0.85,0.89,0.3,0.52,0.18,0.77,9,2,8,0,0,0,0,0,0,0,0,0,0,0,1,7,1,0,16.0,0.0,184.806731,0.906530612244898
156,10.0,0.82,0.23,0.03,0.89,0.93,0.67,14,2,13,0,0,0,0,0,0,0,0,3,0,0,1,10,0,0,2.0,0.0,176.668619,0.920969869128538
157,10.0,0.69,0.03,0.57,0.19,0.92,0.05,9,1,9,0,0,0,0,0,0,0,0,0,0,0,2,6,1,0,0.0,0.0,139.565606,0.8826342532629272
158,10.0,0.34,0.64,0.59,0.81,0.58,0.08,10,1,10,0,0,0,0,0,0,0,0,1,0,0,0,6,2,1,2.0,0.0,183.997317,0.9018589677017343
159,10.0,0.6,0.25,0.81,0.21,0.35,0.59,12,2,11,0,0,0,0,0,0,0,0,0,1,0,0,9,1,1,3.0,0.0,160.987227,0.8715680292861501
160,10.0,0.75,0.91,0.22,0.76,0.39,0.84,13,2,12,0,0,0,0,0,0,0,0,0,0,0,0,9,3,1,31.0,0.0,188.796872,0.8952399724056371
161,10.0,0.44,0.11,0.54,0.9,0.66,0.78,9,1,9,0,0,0,0,0,0,0,0,0,1,0,0,6,1,1,0.0,0.0,197.480768,0.9240320688306608
162,10.0,0.14,0.66,0.86,0.67,0.01,0.54,6,1,6,0,0,0,0,0,0,0,0,0,0,0,0,5,1,0,12.0,0.0,215.25038900000004,0.9253384522125682
163,10.0,0.27,0.8,0.8,0.58,0.52,0.35,6,1,6,0,0,0,0,0,0,0,0,1,1,0,0,3,1,0,0.0,0.0,198.78522199999995,0.9124673760289098
164,10.0,0.88,0.99,0.96,0.13,0.15,0.61,8,1,8,0,0,0,0,0,0,0,0,0,0,0,0,7,1,0,96.0,0.0,149.34485700000002,0.8617951552919891
165,10.0,0.59,0.58,0.08,0.24,0.49,0.38,11,1,11,0,0,0,0,0,0,0,0,1,0,1,0,9,0,0,37.0,0.0,161.900262,0.890049201727081
166,10.0,0.68,0.7,0.61,0.97,0.38,0.45,12,2,11,0,0,0,0,0,0,0,0,2,0,0,1,7,1,1,47.0,0.0,186.633355,0.8805606337599025
167,10.0,0.15,0.98,0.71,0.42,0.12,0.47,7,1,7,0,0,0,0,0,0,0,0,2,0,1,0,4,0,0,37.0,0.0,199.584315,0.8723382577687213
168,10.0,0.8,0.79,0.18,0.96,0.6,0.46,15,2,14,0,0,0,0,0,0,0,0,2,0,1,1,8,1,2,34.0,0.0,184.618577,0.9027694160144492
169,10.0,0.56,0.05,0.95,0.02,0.96,0.03,11,2,10,0,0,0,0,0,0,0,0,0,0,1,0,9,1,0,79.0,0.0,112.797805,0.8849769953990798
170,10.0,0.21,0.96,0.05,0.53,0.64,0.8,11,2,10,0,0,0,0,0,0,0,0,3,1,1,0,5,0,1,14.0,0.0,193.091665,0.8804858134313125
171,10.0,0.28,0.9,0.12,0.48,0.17,0.83,20,2,19,0,0,0,0,0,0,0,0,3,1,0,0,11,4,1,16.0,0.0,192.063537,0.8974466303892842
172,10.0,0.07,0.5,0.25,0.28,0.31,0.31,16,2,14,0,0,0,0,0,0,0,0,1,1,1,0,12,1,0,26.0,0.0,198.493296,0.892964459641488
173,10.0,0.58,0.62,0.35,0.44,0.76,0.93,11,1,11,0,0,0,0,0,0,0,0,1,0,0,0,8,1,1,14.0,0.0,182.79801000000003,0.8726496595182437
174,10.0,0.35,0.53,0.4,0.8,0.89,0.73,13,1,13,0,0,0,0,0,0,0,0,1,1,1,1,7,2,0,41.0,0.0,188.470439,0.91278180148934
175,10.0,0.08,0.84,0.46,0.73,0.28,0.11,15,2,12,0,0,0,0,0,0,0,0,0,2,1,1,9,0,2,7.0,0.0,203.809632,0.901262678534465
176,10.0,0.36,0.16,0.79,0.55,0.53,0.42,15,2,14,0,0,0,0,0,0,0,0,2,1,2,0,9,0,1,1.0,0.0,187.363963,0.8823889739663093
177,10.0,0.83,0.36,0.32,0.03,0.88,0.16,9,1,9,0,0,0,0,0,0,0,0,0,0,0,0,9,0,0,131.0,0.0,110.252102,0.8820328542094455
178,10.0,0.1,0.07,0.6,0.22,0.02,0.04,17,2,16,0,0,0,0,0,0,0,0,2,1,1,0,10,3,0,3.0,0.0,184.092566,0.8888091086265258
179,10.0,0.98,0.37,0.97,0.51,0.7,0.55,6,2,5,0,0,0,0,0,0,0,0,1,0,0,0,5,0,0,11.0,0.0,172.60360199999997,0.8631790744466801
180,10.0,0.38,0.81,0.83,0.74,0.08,0.29,11,2,10,0,0,0,0,0,0,0,0,0,1,0,0,9,1,0,0.0,0.0,199.992306,0.8895
181,10.0,0.05,0.41,0.47,0.79,0.86,0.57,16,2,14,0,0,0,0,0,0,0,0,3,0,0,0,11,1,1,1.0,0.0,214.629401,0.9350931677018632
182,10.0,0.11,0.51,0.67,0.59,0.68,0.2,10,2,9,0,0,0,0,0,0,0,0,0,0,0,0,8,0,2,41.0,0.0,205.031178,0.9025278058645096
183,10.0,0.03,0.55,0.75,0.68,0.51,0.96,9,2,8,0,0,0,0,0,0,0,0,2,0,0,1,5,0,1,0.0,0.0,222.731263,0.9338145587637252
184,10.0,0.61,0.3,0.16,0.2,0.99,0.06,13,2,12,0,0,0,0,0,0,0,0,0,0,0,1,10,1,1,170.0,0.0,139.87906900000002,0.8771718389073014
185,10.0,0.93,0.56,0.48,0.37,0.23,0.99,14,2,13,0,0,0,0,0,0,0,0,0,0,1,1,12,0,0,1.0,0.0,184.146219,0.8811099042164511
186,10.0,0.79,0.46,0.17,0.05,0.74,0.9,14,2,11,0,0,0,0,0,0,0,0,0,2,1,0,10,0,1,23.0,0.0,119.206241,0.8816474982797602
187,10.0,0.92,0.17,1.0,0.17,0.95,0.56,8,1,8,0,0,0,0,0,0,0,0,0,0,0,0,6,2,0,16.0,0.0,143.590331,0.8464042315125623
188,10.0,0.67,0.32,0.65,0.85,0.21,0.94,12,2,10,0,0,0,0,0,0,0,0,3,0,0,0,8,0,1,0.0,0.0,205.813448,0.900343295638126
189,10.0,0.39,0.44,0.13,0.54,0.69,0.17,7,1,7,0,0,0,0,0,0,0,0,0,0,0,0,7,0,0,1.0,0.0,176.67431900000005,0.9041375604513704
190,10.0,0.52,0.13,0.63,0.69,0.46,0.18,11,2,10,0,0,0,0,0,0,0,0,2,1,1,0,5,1,1,6.0,0.0,184.463266,0.8839239856189008
191,10.0,0.73,0.15,0.02,0.46,0.55,0.92,14,1,14,0,0,0,0,0,0,0,0,0,0,0,0,13,0,1,15.0,0.0,181.436692,0.9305583551703286
192,10.0,0.87,0.14,0.44,0.62,0.26,0.6,9,1,9,0,0,0,0,0,0,0,0,1,0,0,0,6,1,1,15.0,0.0,189.282411,0.8953332646543731
193,10.0,0.63,0.47,0.49,1.0,0.24,0.02,13,1,13,0,0,0,0,0,0,0,0,3,0,0,0,7,3,0,4240.0,0.0,156.57646599999998,0.8896392686542579
194,10.0,0.48,0.06,0.38,0.23,0.77,0.39,12,2,10,0,0,0,0,0,0,0,0,2,0,0,0,10,0,0,22.0,0.0,163.129722,0.8587540845367345
195,10.0,0.62,0.67,0.64,0.04,0.94,0.62,10,1,10,0,0,0,0,0,0,0,0,0,0,0,0,10,0,0,237.0,0.0,116.17155300000002,0.878028577345206
196,10.0,0.25,0.21,0.28,0.25,0.4,0.43,9,2,8,0,0,0,0,0,0,0,0,1,0,0,1,6,0,1,9.0,0.0,175.526325,0.908588701271628
197,10.0,0.41,0.87,0.14,0.94,0.19,0.44,17,1,17,0,0,0,0,0,0,0,0,1,1,2,0,9,2,2,16.0,0.0,187.621737,0.8902199731488175
198,10.0,0.33,0.85,0.93,0.4,0.98,0.88,11,1,11,0,0,0,0,0,0,0,0,1,0,0,0,6,3,1,27.0,0.0,189.288095,0.8958203368683718
199,10.0,0.42,0.09,0.23,0.99,0.8,0.72,13,2,12,0,0,0,0,0,0,0,0,1,0,2,0,8,1,1,1.0,0.0,195.559022,0.9103448275862068
200,10.0,0.37,0.52,0.46,0.31,0.72,0.64,13,2,11,0,0,0,0,0,0,0,0,2,2,0,0,8,1,0,31.0,0.0,179.19702399999997,0.8888773063692276
201,10.0,0.49,0.87,0.26,0.06,0.71,0.03,14,2,13,0,0,0,0,0,0,0,0,0,1,1,0,12,0,0,40.0,0.0,126.360004,0.8910656620021529
202,10.0,0.49,0.89,0.6,0.06,0.43,0.24,9,1,9,0,0,0,0,0,0,0,0,0,0,0,0,8,1,0,0.0,0.0,133.432681,0.8884713052310818
203,10.0,0.28,0.47,0.3,0.82,0.18,0.35,13,2,11,0,0,0,0,0,0,0,0,0,1,2,0,8,2,0,66.0,0.0,192.210947,0.8856963087248322
204,10.0,0.69,0.43,0.67,0.79,0.74,0.77,13,2,10,0,0,0,0,0,0,0,0,2,0,1,0,7,2,1,25.0,0.0,190.734627,0.9028589315525876
205,10.0,0.36,0.74,0.28,0.42,0.57,0.09,16,2,15,0,0,0,0,0,0,0,0,0,0,2,0,12,2,0,1.0,0.0,167.068344,0.8996532520752338
206,10.0,0.41,0.46,0.94,0.93,0.9,0.63,15,2,13,0,0,0,0,0,0,0,0,2,1,2,0,10,0,0,16.0,0.0,208.37711199999995,0.9238497086598352
207,10.0,0.48,0.7,0.05,0.07,0.15,0.29,14,2,12,0,0,0,0,0,0,0,0,1,0,0,1,9,1,2,40.0,0.0,137.88537699999998,0.9029945999018164
208,10.0,0.32,0.15,0.29,0.27,0.26,0.77,15,3,13,0,0,0,0,0,0,0,0,1,1,0,0,11,0,2,220.0,0.0,178.567397,0.8815803299359042
209,10.0,0.6,0.73,0.05,0.73,0.57,0.66,21,3,17,0,0,0,0,0,0,0,0,4,1,0,0,14,0,2,174.0,0.0,184.046348,0.915118833632914
210,10.0,0.54,0.62,0.34,0.75,0.74,0.66,9,1,9,0,0,0,0,0,0,0,0,0,0,2,0,6,1,0,52.0,0.0,191.709675,0.8898827884022209
211,10.0,0.96,0.96,0.57,0.21,0.02,0.27,14,1,14,0,0,0,0,0,0,0,0,0,0,0,1,9,1,3,59.0,0.0,150.479061,0.8743912337662337
212,10.0,0.18,0.04,0.73,0.73,0.42,0.91,12,2,11,0,0,0,0,0,0,0,0,0,1,0,0,10,1,0,10.0,0.0,194.474378,0.9179476306583272
213,10.0,0.47,0.15,0.59,0.98,0.99,0.11,9,1,9,0,0,0,0,0,0,0,0,0,0,2,0,4,2,1,11.0,0.0,178.322602,0.8909292705075169
214,10.0,0.95,0.27,0.64,0.33,0.33,0.55,12,1,12,0,0,0,0,0,0,0,0,1,0,0,0,6,5,0,7.0,0.0,165.19949599999998,0.8777754503560955
215,10.0,0.05,0.29,0.15,0.37,0.94,0.73,11,2,10,0,0,0,0,0,0,0,0,0,1,2,0,5,2,1,126.0,0.0,204.924103,0.9513071243264818
216,10.0,0.51,0.51,0.59,0.66,0.54,0.74,14,2,12,0,0,0,0,0,0,0,0,1,0,0,0,11,1,1,38.0,0.0,190.115423,0.883737232124975
217,10.0,0.66,0.64,0.62,0.88,0.28,0.42,10,1,10,0,0,0,0,0,0,0,0,1,0,0,0,8,1,0,0.0,0.0,200.186035,0.8858466289243438
218,10.0,0.93,0.87,0.85,0.4,0.18,0.12,12,2,11,0,0,0,0,0,0,0,0,0,0,1,0,9,1,1,15.0,0.0,157.83180899999996,0.8756778880589379
219,10.0,0.15,0.34,0.38,0.1,0.09,0.68,11,1,11,0,0,0,0,0,0,0,0,1,0,0,0,8,1,1,104.0,0.0,178.080464,0.8635688521111818
220,10.0,0.3,0.18,0.19,0.79,0.32,0.45,12,2,11,0,0,0,0,0,0,0,0,2,2,1,0,5,2,0,22.0,0.0,189.718141,0.919658471350684
221,10.0,0.04,0.98,1.0,0.9,0.5,0.98,12,2,11,0,0,0,0,0,0,0,0,0,0,2,0,9,1,0,53.0,0.0,220.868746,0.9356084996780424
222,10.0,0.44,0.05,0.53,0.53,0.35,0.88,16,3,12,0,0,0,0,0,0,0,0,3,0,1,2,9,0,1,53.0,0.0,183.220652,0.8891405043746783
223,10.0,0.91,0.77,0.25,0.41,0.08,0.07,14,2,12,0,0,0,0,0,0,0,0,3,0,0,0,9,2,0,84.0,0.0,153.965524,0.870332164225294
224,10.0,0.27,0.71,0.98,0.22,0.8,0.33,6,1,6,0,0,0,0,0,0,0,0,0,1,0,0,5,0,0,33.0,0.0,169.22392599999998,0.8704663212435233
225,10.0,1.0,0.6,0.73,0.18,0.68,0.63,8,1,8,0,0,0,0,0,0,0,0,1,0,0,0,7,0,0,0.0,0.0,147.913669,0.901662468513854
226,10.0,0.92,0.46,0.23,0.45,0.59,0.13,15,2,14,0,0,0,0,0,0,0,0,1,0,0,0,13,1,0,5.0,0.0,160.71456499999996,0.881892136185598
227,10.0,0.23,0.73,0.27,0.97,0.19,0.86,14,2,10,0,0,0,0,0,0,0,0,1,1,1,0,7,2,2,24.0,0.0,185.569086,0.9279361229027694
228,10.0,0.49,0.5,0.63,0.21,0.64,0.21,7,2,6,0,0,0,0,0,0,0,0,1,0,0,1,5,0,0,3.0,0.0,158.675255,0.857448761089018
229,10.0,0.46,0.88,0.12,0.95,0.6,0.08,7,2,6,0,0,0,0,0,0,0,0,1,0,0,0,6,0,0,195.0,0.0,183.115295,0.9268121041520055
230,10.0,0.99,0.18,0.03,0.34,0.29,0.25,13,2,12,0,0,0,0,0,0,0,0,1,1,1,1,9,0,0,12.0,0.0,152.46650599999998,0.8963822668339607
231,10.0,0.71,0.94,0.26,0.24,0.95,0.83,9,1,9,0,0,0,0,0,0,0,0,1,0,0,0,7,1,0,67.0,0.0,170.27331,0.8807472755578619
232,10.0,0.53,0.88,0.93,0.16,0.23,0.02,13,2,11,0,0,0,0,0,0,0,0,0,2,0,0,9,2,0,16.0,0.0,144.288,0.8730846774193548
233,10.0,0.75,0.67,0.11,0.41,0.77,0.63,12,1,12,0,0,0,0,0,0,0,0,0,0,0,1,10,0,1,74.0,0.0,171.587894,0.907914998460117
234,10.0,0.07,0.79,0.46,0.59,0.25,0.53,15,1,15,0,0,0,0,0,0,0,0,2,0,2,0,9,1,1,17.0,0.0,213.356841,0.915455201567172
235,10.0,0.07,0.3,0.78,0.25,0.86,0.35,8,1,8,0,0,0,0,0,0,0,0,1,0,1,0,4,1,1,40.0,0.0,198.242085,0.8826291079812206
236,10.0,0.96,0.2,0.34,0.89,0.84,0.21,16,2,15,0,0,0,0,0,0,0,0,0,0,1,1,12,0,2,12.0,0.0,160.582854,0.8717021692397889
237,10.0,0.52,0.19,0.79,0.94,0.31,0.99,11,1,11,0,0,0,0,0,0,0,0,0,0,0,0,9,1,1,96.0,0.0,190.962866,0.9167535989985396
238,10.0,0.93,0.68,0.86,0.58,0.04,0.68,9,1,9,0,0,0,0,0,0,0,0,1,1,0,0,4,2,1,20.0,0.0,194.574534,0.8561953889883146
239,10.0,0.08,0.47,0.66,0.4,0.32,0.65,14,1,14,0,0,0,0,0,0,0,0,0,0,0,0,9,0,5,7.0,0.0,212.033008,0.91135596585269
240,10.0,0.76,0.48,0.6,0.39,0.76,0.75,7,1,7,0,0,0,0,0,0,0,0,1,0,0,0,6,0,0,0.0,0.0,172.216003,0.8792667509481669
241,10.0,0.66,0.06,0.31,0.12,0.38,0.1,10,2,9,0,0,0,0,0,0,0,0,0,0,0,0,8,1,1,55.0,0.0,140.011392,0.8952827366111499
242,10.0,0.29,0.67,0.88,0.03,0.5,0.05,9,1,9,0,0,0,0,0,0,0,0,0,0,0,0,9,0,0,0.0,0.0,130.585794,0.8870246085011185
243,10.0,0.92,0.44,0.67,0.86,0.54,0.72,11,1,11,0,0,0,0,0,0,0,0,1,1,0,1,7,0,1,29.0,0.0,189.40944,0.8962947629890292
244,10.0,0.08,0.71,0.17,0.32,0.66,0.33,14,3,12,0,0,0,0,0,0,0,0,2,0,1,0,6,3,2,51.0,0.0,193.324219,0.9233900427930278
245,10.0,0.01,0.77,0.6,0.86,0.86,0.92,14,2,12,0,0,0,0,0,0,0,0,3,0,1,1,7,1,1,79.0,0.0,219.583622,0.9315505887048492
246,10.0,0.18,0.08,0.01,0.38,0.01,0.1,13,2,12,0,0,0,0,0,0,0,0,0,1,1,0,7,3,1,16.0,0.0,200.218859,0.9229397781299524
247,10.0,0.77,0.2,0.57,0.6,0.0,0.57,14,2,13,0,0,0,0,0,0,0,0,0,0,0,0,12,0,2,20.0,0.0,206.777978,0.8946707151083656
248,10.0,0.88,0.03,0.5,0.25,0.01,0.67,6,2,5,0,0,0,0,0,0,0,0,0,1,0,0,5,0,0,1.0,0.0,173.036278,0.8914938382927562
249,10.0,0.14,0.94,0.98,0.22,0.61,0.41,15,2,12,0,0,0,0,0,0,0,0,0,1,0,2,9,2,1,0.0,0.0,182.608038,0.8703254497675359
250,10.0,0.26,0.76,0.07,0.65,0.36,0.71,15,2,14,0,0,0,0,0,0,0,0,2,1,0,0,11,0,1,6.0,0.0,198.005019,0.9272633212622866
251,10.0,0.47,0.41,0.77,0.52,0.99,0.17,12,2,10,0,0,0,0,0,0,0,0,2,0,0,1,6,1,2,0.0,0.0,176.899341,0.8853535871908037
252,10.0,0.8,0.89,0.24,0.37,0.21,0.37,12,1,12,0,0,0,0,0,0,0,0,0,0,1,0,10,1,0,21.0,0.0,173.42248400000005,0.8834445371142619
253,10.0,0.64,0.78,0.69,0.24,0.03,0.59,9,3,7,0,0,0,0,0,0,0,0,1,0,0,0,7,0,1,1.0,0.0,174.429637,0.8816
254,10.0,0.11,0.16,0.41,0.78,0.65,1.0,12,1,12,0,0,0,0,0,0,0,0,1,0,0,2,6,2,1,40.0,0.0,202.516914,0.94748949789958
255,10.0,0.83,0.91,0.59,0.32,0.08,0.55,9,1,9,0,0,0,0,0,0,0,0,0,0,0,0,8,0,1,0.0,0.0,181.617923,0.8717842323651452
256,10.0,0.02,0.35,0.7,0.06,0.48,0.33,15,2,13,0,0,0,0,0,0,0,0,1,0,1,0,9,1,3,67.0,0.0,193.715812,0.8207432841850131
257,10.0,0.69,0.63,0.32,0.57,0.7,0.94,8,1,8,0,0,0,0,0,0,0,0,0,0,0,1,7,0,0,0.0,0.0,184.225305,0.8883480377243688
258,10.0,0.17,0.5,0.3,0.83,0.92,0.59,17,2,15,0,0,0,0,0,0,0,0,3,0,1,0,12,0,1,0.0,0.0,204.43366,0.923928498882795
259,10.0,0.41,0.16,0.55,0.65,0.3,0.05,19,1,19,0,0,0,0,0,0,0,0,2,0,0,0,15,2,0,222.0,0.0,169.66288500000002,0.892258064516129
260,10.0,0.21,0.4,0.8,0.06,0.89,0.82,11,1,11,0,0,0,0,0,0,0,0,0,0,0,0,10,0,1,73.0,0.0,155.51470899999998,0.8373893805309734
261,10.0,0.02,0.12,0.24,0.6,0.4,0.38,14,2,13,0,0,0,0,0,0,0,0,2,0,4,0,6,2,0,34.0,0.0,219.459237,0.9257060990585346
262,10.0,0.9,0.99,0.44,0.69,0.06,0.32,14,2,13,0,0,0,0,0,0,0,0,3,1,1,1,7,1,0,50.0,0.0,189.515556,0.8824493139463445
263,10.0,0.52,0.42,0.55,0.7,0.81,0.48,12,2,11,0,0,0,0,0,0,0,0,2,0,1,1,8,0,0,2.0,0.0,180.93430400000005,0.8937069813176007
264,10.0,0.4,0.51,0.69,0.64,0.97,0.59,9,1,9,0,0,0,0,0,0,0,0,1,0,0,1,7,0,0,19.0,0.0,200.374451,0.906068923452272
265,10.0,0.41,0.4,0.56,0.88,0.79,0.24,17,3,13,0,0,0,0,0,0,0,0,2,1,0,1,11,1,1,13.0,0.0,184.075554,0.882310617740775
266,10.0,0.27,0.11,0.65,0.23,0.06,0.46,12,2,11,0,0,0,0,0,0,0,0,1,1,0,0,7,1,2,16.0,0.0,191.24576299999995,0.8757855048177628
267,10.0,0.85,0.68,0.82,0.08,0.41,0.99,8,1,8,0,0,0,0,0,0,0,0,0,0,0,0,6,2,0,69.0,0.0,128.578039,0.8831564568666597
268,10.0,0.89,0.81,0.5,0.15,0.75,0.23,14,2,13,0,0,0,0,0,0,0,0,0,0,0,1,11,0,2,26.0,0.0,137.203279,0.8788463491418707
269,10.0,0.62,0.33,0.72,0.21,0.24,0.09,9,2,8,0,0,0,0,0,0,0,0,1,0,0,0,7,1,0,72.0,0.0,151.061551,0.8816277438107648
270,10.0,0.22,0.85,0.02,0.58,0.56,0.49,10,1,10,0,0,0,0,0,0,0,0,1,0,0,0,7,2,0,22.0,0.0,194.580579,0.9360658952735832
271,10.0,0.86,0.56,0.38,0.25,0.78,0.01,9,1,9,0,0,0,0,0,0,0,0,0,0,0,0,7,0,2,2887.0,0.0,135.720663,0.8460845070422536
272,10.0,0.64,0.53,0.02,0.78,0.91,0.22,15,2,14,0,0,0,0,0,0,0,0,1,0,1,1,9,0,3,0.0,0.0,173.706648,0.9061431679270692
273,10.0,0.31,0.39,0.36,0.61,0.89,0.23,15,1,15,0,0,0,0,0,0,0,0,0,0,0,0,11,4,0,176.0,0.0,186.44333800000004,0.8857202767875865
274,10.0,0.18,0.8,0.46,0.1,0.4,0.96,11,1,11,0,0,0,0,0,0,0,0,0,0,0,0,9,2,0,8.0,0.0,176.58500499999997,0.8866248189280541
275,10.0,0.04,0.55,0.32,0.66,0.75,0.81,9,2,8,0,0,0,0,0,0,0,0,1,0,1,0,5,2,0,0.0,0.0,213.378988,0.9431018660140716
276,10.0,0.61,0.18,0.21,0.41,0.24,0.63,10,1,10,0,0,0,0,0,0,0,0,0,0,0,1,7,1,1,30.0,0.0,184.126539,0.8863914997956681
277,10.0,0.03,0.29,0.58,0.83,0.98,0.83,18,2,14,0,0,0,0,0,0,0,0,4,0,1,0,10,1,2,1.0,0.0,221.340452,0.937326905323623
278,10.0,0.65,0.51,0.78,0.81,0.31,0.87,11,1,11,0,0,0,0,0,0,0,0,0,2,0,1,8,0,0,0.0,0.0,194.268331,0.91765924391507
279,10.0,0.07,0.55,0.88,0.61,0.96,0.39,11,1,11,0,0,0,0,0,0,0,0,2,0,2,0,4,2,1,20.0,0.0,213.510619,0.9243817698753322
280,10.0,0.97,0.34,0.36,0.96,0.84,0.01,8,1,8,0,0,0,0,0,0,0,0,0,0,0,0,8,0,0,4511.0,0.0,141.238745,0.852969546644619
281,10.0,0.45,0.35,0.14,0.52,0.28,0.11,8,1,8,0,0,0,0,0,0,0,0,1,0,0,0,7,0,0,10.0,0.0,176.451972,0.8932826622843056
282,10.0,0.03,1.0,0.05,0.14,0.67,0.84,17,2,15,0,0,0,0,0,0,0,0,5,0,0,0,12,0,0,96.0,0.0,206.401862,0.939812932086214
283,10.0,0.57,0.88,0.39,0.69,0.9,0.77,22,2,19,0,0,0,0,0,0,0,0,2,4,2,0,11,1,2,17.0,0.0,185.492021,0.9090818163632728
284,10.0,0.24,0.8,0.14,0.17,0.63,0.27,7,2,6,0,0,0,0,0,0,0,0,0,1,1,0,5,0,0,14.0,0.0,166.84392,0.8818297331639136
285,10.0,0.34,0.98,0.21,0.01,0.3,0.94,10,2,9,0,0,0,0,0,0,0,0,1,0,0,0,8,0,1,61.0,0.0,109.89214,0.9434366082348146
286,10.0,0.65,0.17,0.43,0.07,0.93,0.82,9,1,9,0,0,0,0,0,0,0,0,0,0,0,0,8,1,0,20.0,0.0,130.276808,0.858291956305859
287,10.0,0.22,0.15,0.17,0.54,0.45,0.44,17,2,16,0,0,0,0,0,0,0,0,0,0,1,0,12,2,2,34.0,0.0,195.058003,0.9207012536948324
288,10.0,0.33,0.11,0.83,0.46,0.19,0.28,17,2,14,0,0,0,0,0,0,0,0,0,0,2,1,10,2,2,2.0,0.0,195.927421,0.8921803311390385
289,10.0,0.26,0.1,0.45,0.88,0.14,0.83,13,2,12,0,0,0,0,0,0,0,0,2,0,2,0,9,0,0,85.0,0.0,198.694963,0.901060791513668
290,10.0,0.21,0.48,0.52,0.1,0.03,0.62,11,1,11,0,0,0,0,0,0,0,0,1,0,0,0,10,0,0,32.0,0.0,181.428787,0.8815244407622204
291,10.0,0.6,0.96,0.75,0.45,0.98,0.19,7,2,5,0,0,0,0,0,0,0,0,1,1,0,0,5,0,0,12.0,0.0,171.516185,0.8759307707788287
292,10.0,0.16,0.93,0.34,0.63,0.77,0.5,10,2,9,0,0,0,0,0,0,0,0,0,1,0,0,6,2,1,2.0,0.0,202.932853,0.9300720906282184
293,10.0,0.74,0.02,0.54,0.51,0.17,0.8,12,1,12,0,0,0,0,0,0,0,0,3,0,0,0,9,0,0,23.0,0.0,191.555223,0.8786097882257574
294,10.0,0.49,0.17,0.29,0.74,0.11,0.06,15,2,13,0,0,0,0,0,0,0,0,4,1,0,0,10,0,0,204.0,0.0,184.354229,0.868635545675876
295,10.0,0.62,0.06,0.62,0.76,0.47,0.81,12,3,10,0,0,0,0,0,0,0,0,1,0,0,0,9,1,1,17.0,0.0,189.48535,0.9024692633536522
296,10.0,0.61,0.66,0.96,0.2,0.43,0.71,13,1,13,0,0,0,0,0,0,0,0,0,1,0,0,11,1,0,67.0,0.0,159.889255,0.8261336982017201
297,10.0,0.94,0.83,0.2,0.53,0.77,0.54,7,1,7,0,0,0,0,0,0,0,0,0,0,0,0,6,1,0,0.0,0.0,170.41431099999997,0.8904536766924857
298,10.0,0.81,0.31,0.95,0.69,0.12,0.92,7,1,7,0,0,0,0,0,0,0,0,0,0,0,0,6,1,0,94.0,0.0,196.471814,0.8974411254969925
299,10.0,0.87,0.64,0.13,0.37,0.81,0.41,12,1,12,0,0,0,0,0,0,0,0,0,0,0,0,10,2,0,18.0,0.0,158.977701,0.8668705402650356
300,10.0,0.37,0.72,0.99,0.81,0.59,0.57,16,2,15,0,0,0,0,0,0,0,0,4,0,0,1,9,1,1,18.0,0.0,194.843046,0.915079365079365
301,10.0,0.11,0.53,0.15,0.64,0.07,0.36,10,2,9,0,0,0,0,0,0,0,0,3,0,0,0,5,1,1,1.0,0.0,201.231739,0.912156704361874
302,10.0,0.62,0.53,0.46,0.9,0.96,0.2,16,2,14,0,0,0,0,0,0,0,0,2,0,1,0,10,1,2,53.0,0.0,178.169526,0.8974872359595555
303,10.0,0.77,0.66,0.99,0.69,0.71,0.99,8,2,7,0,0,0,0,0,0,0,0,1,2,0,0,5,0,0,0.0,0.0,193.827017,0.9080495356037152
304,10.0,0.12,0.75,0.16,0.79,0.04,0.51,9,1,9,0,0,0,0,0,0,0,0,2,0,1,0,5,0,1,9.0,0.0,199.550147,0.9207750050720228
305,10.0,0.72,0.2,0.26,0.94,0.45,0.74,7,1,7,0,0,0,0,0,0,0,0,0,0,0,0,6,1,0,16.0,0.0,187.966225,0.907812339595524
306,10.0,0.73,0.84,0.93,0.72,0.93,0.47,15,2,13,0,0,0,0,0,0,0,0,0,0,0,1,8,3,3,147.0,0.0,182.685911,0.886051282051282
307,10.0,0.91,0.37,0.28,0.62,0.26,0.06,8,1,8,0,0,0,0,0,0,0,0,0,0,0,0,7,0,1,6.0,0.0,169.51297200000002,0.8961467133731712
308,10.0,0.29,0.34,0.29,0.56,0.94,0.84,12,2,11,0,0,0,0,0,0,0,0,1,1,1,0,9,0,0,0.0,0.0,201.09725,0.9107267123968584
309,10.0,0.79,0.4,0.39,0.87,0.67,0.46,10,1,10,0,0,0,0,0,0,0,0,0,0,0,0,8,1,1,2.0,0.0,183.065415,0.897381025170692
310,10.0,0.11,0.74,0.2,0.92,0.74,0.06,10,2,8,0,0,0,0,0,0,0,0,1,1,0,1,6,0,1,584.0,0.0,197.73065,0.9073180745150364
311,10.0,0.25,0.79,0.63,0.89,0.63,0.2,17,1,17,0,0,0,0,0,0,0,0,1,0,0,0,12,3,1,56.0,0.0,185.833309,0.9047469677959012
312,10.0,0.36,0.48,0.3,0.89,0.47,0.56,13,2,11,0,0,0,0,0,0,0,0,0,1,2,1,6,1,2,27.0,0.0,196.881994,0.903913491246138
313,10.0,0.17,0.57,0.42,0.02,0.69,0.66,7,1,7,0,0,0,0,0,0,0,0,0,0,0,0,5,1,1,7.0,0.0,139.950986,0.8597426100945104
314,10.0,0.3,0.69,0.5,0.49,0.07,0.8,15,2,13,0,0,0,0,0,0,0,0,1,0,1,2,8,1,2,51.0,0.0,199.144114,0.9034000635525896
315,10.0,0.75,0.05,0.71,0.5,0.07,0.13,5,1,5,0,0,0,0,0,0,0,0,0,1,0,0,4,0,0,99.0,0.0,171.395286,0.884402932610224
316,10.0,0.73,0.72,0.14,0.54,0.18,0.94,10,2,9,0,0,0,0,0,0,0,0,2,1,0,0,6,0,1,0.0,0.0,195.453535,0.9035522511358942
317,10.0,0.12,0.45,0.83,0.99,0.29,0.9,17,2,14,0,0,0,0,0,0,0,0,2,1,1,0,10,3,0,23.0,0.0,210.855252,0.9413372582001682
318,10.0,0.58,0.45,0.18,0.6,0.78,0.39,15,1,15,0,0,0,0,0,0,0,0,1,0,0,1,10,2,1,19.0,0.0,182.708611,0.8779347494664091
319,10.0,0.56,0.85,0.72,0.31,0.33,0.56,6,1,6,0,0,0,0,0,0,0,0,0,0,0,0,5,0,1,28.0,0.0,175.71846200000005,0.870407751312071
320,10.0,0.9,0.76,0.16,0.14,0.63,0.49,11,2,9,0,0,0,0,0,0,0,0,0,1,0,1,8,1,0,46.0,0.0,137.267076,0.8741379310344828
321,10.0,0.72,0.34,0.43,0.28,0.05,0.23,13,2,11,0,0,0,0,0,0,0,0,2,0,0,0,9,0,2,25.0,0.0,172.629359,0.8862573693840211
322,10.0,0.96,0.66,0.62,0.05,0.44,0.3,12,2,11,0,0,0,0,0,0,0,0,0,0,0,2,8,2,0,1.0,0.0,114.837389,0.9286781977364936
323,10.0,0.25,0.36,0.67,0.13,0.13,0.08,15,1,15,0,0,0,0,0,0,0,0,0,0,0,0,13,1,1,15.0,0.0,152.43820499999998,0.8902083123679179
324,10.0,0.68,0.59,0.86,0.13,0.34,0.76,9,1,9,0,0,0,0,0,0,0,0,0,0,0,0,7,1,1,0.0,0.0,154.949794,0.8944507128936301
325,10.0,0.46,0.57,0.24,0.23,0.51,0.89,8,2,7,0,0,0,0,0,0,0,0,0,1,1,0,6,0,0,81.0,0.0,182.038479,0.8910594315245478
326,10.0,0.26,0.26,0.41,0.08,0.8,0.01,9,1,9,0,0,0,0,0,0,0,0,0,0,0,0,7,2,0,5.0,0.0,145.02875699999998,0.8831472081218275
327,10.0,0.98,0.05,0.01,0.39,0.32,0.05,13,2,12,0,0,0,0,0,0,0,0,1,0,0,0,10,1,1,29.0,0.0,151.892655,0.9210689869484152
328,10.0,0.64,0.06,0.02,0.85,0.56,0.5,14,2,11,0,0,0,0,0,0,0,0,3,1,1,0,7,1,1,5.0,2.0,187.242084,0.9250583105161748
329,10.0,0.24,0.52,0.57,0.98,0.2,0.68,16,1,16,0,0,0,0,0,0,0,0,3,0,2,0,9,0,2,29.0,0.0,210.340369,0.9078322784810128
330,10.0,0.76,0.54,0.56,0.86,0.81,0.26,7,1,7,0,0,0,0,0,0,0,0,1,1,1,0,3,1,0,49.0,0.0,179.675324,0.8881687242798354
331,10.0,0.41,0.02,0.88,0.75,0.99,0.99,17,2,16,0,0,0,0,0,0,0,0,1,2,2,0,8,3,1,8.0,0.0,196.76527400000003,0.9087914350422072
332,10.0,0.32,0.07,0.24,0.22,0.51,0.73,20,1,20,0,0,0,0,0,0,0,0,0,0,1,0,18,1,0,18.0,0.0,181.515997,0.9048382249824702
333,10.0,0.15,0.55,0.48,0.29,0.79,0.37,16,1,16,0,0,0,0,0,0,0,0,2,0,0,0,8,6,0,23.0,0.0,180.600526,0.9058667211774324
334,10.0,0.09,0.64,0.47,0.11,0.53,0.14,9,1,9,0,0,0,0,0,0,0,0,1,0,0,0,7,0,1,23.0,0.0,165.050446,0.8554167519967233
335,10.0,0.85,0.0,0.74,0.56,0.55,0.34,14,1,14,0,0,0,0,0,0,0,0,1,1,0,0,10,2,0,31.0,0.0,172.123598,0.8733186107207388
336,10.0,0.81,0.99,0.22,0.28,0.27,0.57,6,1,6,0,0,0,0,0,0,0,0,0,0,0,0,6,0,0,23.0,0.0,163.372334,0.8784452296819788
337,10.0,0.06,0.51,0.44,0.61,0.59,0.31,13,2,12,0,0,0,0,0,0,0,0,2,0,3,0,6,2,0,0.0,0.0,209.8684,0.947895588830433
338,10.0,0.8,0.81,0.48,0.81,0.85,0.59,12,3,10,0,0,0,0,0,0,0,0,2,0,1,0,7,2,0,49.0,0.0,182.75058,0.9134434662182214
339,10.0,0.68,0.57,0.7,0.99,0.1,0.6,20,3,15,0,0,0,0,0,0,0,0,3,1,2,0,11,2,1,57.0,0.0,197.677597,0.8812038014783526
340,10.0,0.4,0.72,0.37,0.58,0.76,0.79,11,1,11,0,0,0,0,0,0,0,0,0,2,0,1,7,1,0,37.0,0.0,188.355043,0.9008963641857186
341,10.0,0.63,0.03,0.66,0.77,0.95,0.6,10,2,9,0,0,0,0,0,0,0,0,4,0,0,0,6,0,0,6.0,0.0,184.72114,0.9180750206100576
342,10.0,0.14,0.96,0.19,0.34,0.62,0.65,12,2,11,0,0,0,0,0,0,0,0,1,0,1,0,8,2,0,0.0,0.0,186.213654,0.8905577250425554
343,10.0,0.84,0.15,0.27,0.49,0.26,0.38,11,2,10,0,0,0,0,0,0,0,0,1,0,0,2,4,3,1,30.0,0.0,168.957052,0.8792340162668588
344,10.0,0.07,0.75,0.04,0.28,0.9,0.28,8,1,8,0,0,0,0,0,0,0,0,0,0,1,0,7,0,0,0.0,0.0,193.738151,0.907467362924282
345,10.0,0.41,0.75,0.79,0.42,0.06,0.68,12,2,9,0,0,0,0,0,0,0,0,1,0,3,0,5,1,2,62.0,0.0,200.987684,0.8869855859619804
346,10.0,0.3,0.73,0.55,0.98,0.11,0.7,13,2,12,0,0,0,0,0,0,0,0,0,0,1,0,11,0,1,56.0,0.0,198.855629,0.8945511157239232
347,10.0,0.83,0.13,0.91,0.47,0.36,0.62,9,1,9,0,0,0,0,0,0,0,0,0,1,0,0,7,1,0,64.0,0.0,175.301192,0.8761704366123093
348,10.0,0.5,0.32,0.33,0.87,0.46,0.69,18,2,17,0,0,0,0,0,0,0,0,1,0,0,0,14,1,2,3.0,0.0,194.485216,0.8951669157947185
349,10.0,0.15,0.97,0.71,0.16,1.0,0.24,9,1,9,0,0,0,0,0,0,0,0,0,0,0,0,7,1,1,0.0,0.0,169.15747700000003,0.8607801201751706
350,10.0,0.02,0.24,0.75,0.46,0.54,0.73,15,2,13,0,0,0,0,0,0,0,0,1,1,1,0,10,0,2,21.0,0.0,227.886442,0.9393024162120032
351,10.0,0.55,0.45,0.08,0.34,0.23,0.8,9,1,9,0,0,0,0,0,0,0,0,0,0,0,1,7,1,0,4.0,0.0,184.422001,0.9063072227873856
352,10.0,0.43,0.89,0.92,0.2,0.08,0.78,10,2,9,0,0,0,0,0,0,0,0,1,0,1,0,8,0,0,125.0,0.0,180.206105,0.8518935516888434
353,10.0,0.37,0.22,0.44,0.24,0.94,0.27,14,2,12,0,0,0,0,0,0,0,0,0,1,0,0,10,1,2,83.0,0.0,162.248531,0.890196895509949
354,10.0,0.47,0.62,0.87,0.42,0.6,0.48,9,1,9,0,0,0,0,0,0,0,0,0,1,0,0,7,1,0,21.0,0.0,177.08512799999997,0.8977754785307812
355,10.0,0.38,0.7,0.22,0.12,0.23,0.48,14,2,12,0,0,0,0,0,0,0,0,1,1,0,1,7,1,3,50.0,0.0,159.287159,0.8967656631407649
356,10.0,0.49,0.61,0.87,0.2,0.32,0.13,14,1,14,0,0,0,0,0,0,0,0,0,0,0,1,13,0,0,1.0,0.0,153.36434799999998,0.8701093815734119
357,10.0,0.39,0.15,0.06,0.62,0.52,0.03,19,2,17,0,0,0,0,0,0,0,0,0,1,0,0,14,2,2,736.0,0.0,160.81515499999998,0.9007436480066102
358,10.0,0.34,0.84,0.61,0.1,0.41,0.36,9,1,9,0,0,0,0,0,0,0,0,0,0,0,0,9,0,0,6.0,0.0,154.277491,0.8600926672038679
359,10.0,0.25,0.85,0.03,0.87,0.98,0.0,6,1,6,0,0,0,0,0,0,0,0,0,0,0,0,6,0,0,31837.0,0.0,96.44689,0.7780112044817927
360,10.0,0.02,0.55,0.49,0.17,0.44,0.42,7,2,5,0,0,0,0,0,0,0,0,2,0,0,0,4,0,1,6.0,0.0,201.663473,0.923923006416132
361,10.0,0.14,0.54,0.64,0.26,0.36,0.19,9,1,9,0,0,0,0,0,0,0,0,0,0,0,2,5,2,0,0.0,0.0,185.566608,0.8748072772124575
362,10.0,0.35,0.75,0.09,0.18,0.11,0.07,17,2,16,0,0,0,0,0,0,0,0,0,1,0,0,11,4,1,12.0,0.0,155.02844299999995,0.8893751272135152
363,10.0,0.67,0.28,0.68,0.48,0.31,0.6,9,2,8,0,0,0,0,0,0,0,0,2,0,0,0,4,2,1,0.0,0.0,184.704612,0.9060553456550596
364,10.0,0.57,0.43,0.33,0.62,0.75,0.74,19,1,19,0,0,0,0,0,0,0,0,0,0,0,0,15,4,0,3.0,0.0,190.669492,0.8896314297286351
365,10.0,0.28,0.32,0.72,0.15,0.46,0.4,10,1,10,0,0,0,0,0,0,0,0,0,0,0,0,9,1,0,5.0,0.0,163.54288599999998,0.8386484054783565
366,10.0,0.89,0.39,0.35,0.63,0.15,0.34,16,2,14,0,0,0,0,0,0,0,0,2,0,0,0,11,0,3,47.0,0.0,177.767089,0.8881249386111384
367,10.0,0.76,0.94,0.62,0.7,0.15,0.69,13,2,12,0,0,0,0,0,0,0,0,2,1,0,0,10,0,0,7.0,0.0,190.248021,0.8894101207705359
368,10.0,0.48,0.77,0.14,0.98,0.09,0.19,10,1,10,0,0,0,0,0,0,0,0,0,0,1,0,7,1,1,50.0,0.0,186.081898,0.9037346087310472
369,10.0,0.55,0.97,0.12,0.24,0.01,0.49,15,2,14,0,0,0,0,0,0,0,0,1,0,0,0,13,1,0,22.0,0.0,182.826485,0.8935387673956262
370,10.0,0.62,0.65,0.94,0.96,0.29,0.05,14,2,12,0,0,0,0,0,0,0,0,4,0,1,0,8,1,0,511.0,0.0,173.91367300000002,0.8856181665264928
371,10.0,0.08,0.33,0.07,0.72,0.83,0.75,16,2,14,0,0,0,0,0,0,0,0,0,1,1,0,12,1,1,44.0,0.0,200.216834,0.9297752808988764
372,10.0,0.03,0.71,0.11,0.07,0.82,0.2,9,2,8,0,0,0,0,0,0,0,0,0,0,1,0,6,1,1,0.0,0.0,188.109453,0.8808991049633849
373,10.0,0.99,0.24,0.11,0.27,0.56,0.93,9,1,9,0,0,0,0,0,0,0,0,0,0,0,0,9,0,0,0.0,0.0,164.68774,0.8809021922428331
374,10.0,0.99,0.07,0.5,0.84,0.43,0.31,9,2,8,0,0,0,0,0,0,0,0,0,1,0,0,7,0,1,4.0,0.0,183.97374,0.8814121907060953
375,10.0,0.84,0.14,0.42,0.71,0.66,0.75,11,2,8,0,0,0,0,0,0,0,0,1,0,2,0,3,2,3,31.0,0.0,189.582915,0.9096740273396424
376,10.0,0.1,0.17,0.84,0.26,0.8,0.21,14,2,12,0,0,0,0,0,0,0,0,1,0,2,0,9,1,1,145.0,0.0,183.392999,0.8863248720778569
377,10.0,0.16,0.56,0.75,0.84,0.14,0.36,10,1,10,0,0,0,0,0,0,0,0,3,1,0,2,2,1,1,0.0,0.0,208.475668,0.9249727803622686
378,10.0,0.19,0.62,0.47,0.56,0.25,0.07,14,1,14,0,0,0,0,0,0,0,0,1,0,0,1,12,0,0,13.0,0.0,176.69377999999998,0.8894171145101282
379,10.0,0.87,0.54,0.9,0.95,1.0,0.1,9,1,9,0,0,0,0,0,0,0,0,0,0,0,0,7,1,1,15.0,0.0,175.75305999999998,0.8612579007356751
380,10.0,0.06,0.49,0.6,0.32,0.78,0.49,12,1,12,0,0,0,0,0,0,0,0,0,0,1,0,11,0,0,0.0,0.0,200.131033,0.9089954865120184
381,10.0,0.7,0.83,0.55,0.9,0.91,0.71,15,2,13,0,0,0,0,0,0,0,0,1,1,0,2,9,1,1,1.0,0.0,194.548589,0.922397864914802
382,10.0,0.48,0.21,0.86,0.8,0.72,0.69,13,1,13,0,0,0,0,0,0,0,0,0,2,0,0,10,1,0,30.0,0.0,193.30226,0.8928429817605076
383,10.0,0.92,0.26,0.68,0.74,0.92,0.62,8,2,7,0,0,0,0,0,0,0,0,1,0,0,0,7,0,0,4.0,0.0,186.268412,0.897327281896117
384,10.0,0.38,0.61,0.07,0.47,0.09,0.17,14,2,13,0,0,0,0,0,0,0,0,1,1,1,0,7,3,1,25.0,0.0,187.677946,0.9090726414146488
385,10.0,0.19,0.41,0.67,0.05,0.22,0.76,10,2,8,0,0,0,0,0,0,0,0,2,0,0,0,7,1,0,0.0,0.0,156.078012,0.8956424353492161
386,10.0,0.31,0.94,0.78,0.11,0.17,0.1,8,1,8,0,0,0,0,0,0,0,0,0,0,0,0,7,0,1,80.0,0.0,157.363279,0.8836659123637112
387,10.0,0.82,0.27,0.51,0.65,0.96,0.12,11,2,10,0,0,0,0,0,0,0,0,0,0,1,0,10,0,0,36.0,0.0,167.09674,0.882970297029703
388,10.0,0.82,0.68,0.43,0.85,0.53,0.67,11,2,9,0,0,0,0,0,0,0,0,1,1,0,0,7,1,1,1.0,0.0,185.569326,0.8856553147574819
389,10.0,0.19,0.92,0.87,1.0,0.03,0.04,11,2,10,0,0,0,0,0,0,0,0,2,1,0,0,5,1,2,2625.0,0.0,202.242946,0.8707179976667727
390,10.0,0.08,0.46,0.91,0.25,1.0,0.02,14,1,14,0,0,0,0,0,0,0,0,0,1,2,0,9,2,0,125.0,0.0,171.31895999999998,0.8817007425490795
391,10.0,0.5,0.79,0.16,0.33,0.58,0.25,15,3,11,0,0,0,0,0,0,0,0,3,0,1,0,9,1,1,13.0,0.0,170.58745299999998,0.8971094646770322
392,10.0,0.11,0.27,0.86,0.4,0.49,0.13,11,1,11,0,0,0,0,0,0,0,0,0,0,3,0,7,1,0,0.0,0.0,196.829541,0.9137579097775056
393,10.0,0.74,0.13,0.89,0.18,0.61,0.65,13,2,11,0,0,0,0,0,0,0,0,0,0,1,0,8,2,2,2.0,0.0,158.186981,0.8752919670965776
394,10.0,0.98,0.58,0.22,0.91,0.88,0.67,19,2,16,0,0,0,0,0,0,0,0,4,0,1,0,13,0,1,10.0,0.0,187.59368000000003,0.9027907459280008
395,10.0,0.09,0.03,0.47,0.57,0.42,0.16,20,3,15,0,0,0,0,0,0,0,0,1,2,1,2,12,1,1,39.0,0.0,193.252141,0.8976
396,10.0,0.24,0.31,0.04,0.57,0.49,0.17,9,2,8,0,0,0,0,0,0,0,0,1,0,0,0,6,1,1,62.0,0.0,182.527533,0.9093827671913836
397,10.0,0.28,0.7,0.73,0.92,0.42,0.57,17,2,15,0,0,0,0,0,0,0,0,2,2,2,0,8,3,0,21.0,0.0,191.290975,0.9055060304142633
398,10.0,0.89,0.91,0.18,0.02,0.73,0.58,10,2,8,0,0,0,0,0,0,0,0,0,0,1,0,7,1,1,44.0,0.0,95.651858,0.8761061946902655
399,10.0,0.5,0.24,0.82,0.3,0.74,0.37,13,1,13,0,0,0,0,0,0,0,0,0,1,0,0,9,3,0,1.0,0.0,172.908397,0.8710858072387149
400,10.0,0.11,0.3,0.76,0.68,0.82,0.48,12,1,12,0,0,0,0,0,0,0,0,1,0,0,0,11,0,0,0.0,0.0,209.279928,0.9210899513776336
401,10.0,0.82,0.8,0.15,0.85,0.11,0.53,12,1,12,0,0,0,0,0,0,0,0,2,2,0,0,6,1,1,4.0,0.0,198.728355,0.8915711947626841
402,10.0,0.6,0.78,0.97,0.44,0.06,0.91,11,1,11,0,0,0,0,0,0,0,0,1,0,1,0,7,1,1,22.0,0.0,207.025025,0.8771929824561403
403,10.0,0.05,0.28,0.81,0.33,0.25,0.42,10,1,10,0,0,0,0,0,0,0,0,2,1,0,0,7,0,0,21.0,0.0,221.616743,0.9157512953367876
404,10.0,0.88,0.49,0.0,0.47,0.18,0.74,13,1,13,0,0,0,0,0,0,0,0,1,0,0,0,12,0,0,18.0,21.0,171.272536,0.9327533265097236
405,10.0,0.85,0.86,0.45,0.71,0.67,0.61,12,2,11,0,0,0,0,0,0,0,0,1,0,0,0,10,1,0,55.0,0.0,178.87257100000002,0.9009384775808134
406,10.0,0.43,0.48,0.35,0.34,0.39,0.59,11,2,9,0,0,0,0,0,0,0,0,0,0,1,1,6,2,1,22.0,0.0,176.07789099999997,0.8750650161239988
407,10.0,0.91,0.82,0.56,0.72,0.88,0.84,6,1,6,0,0,0,0,0,0,0,0,0,0,0,0,4,2,0,26.0,0.0,183.460148,0.8969331322272499
408,10.0,0.81,0.29,0.92,0.2,0.17,0.41,13,2,10,0,0,0,0,0,0,0,0,1,1,1,1,8,1,0,27.0,0.0,151.16454199999998,0.8491685202838682
409,10.0,0.42,0.44,0.66,0.48,0.8,0.79,14,2,13,0,0,0,0,0,0,0,0,2,0,1,0,8,2,1,11.0,0.0,190.064556,0.9016983016983016
410,10.0,0.58,0.03,0.35,0.56,0.99,0.62,12,1,12,0,0,0,0,0,0,0,0,1,0,1,0,4,4,2,1.0,0.0,180.598089,0.8937308111320195
411,10.0,0.33,0.7,0.96,0.18,0.61,0.99,9,2,7,0,0,0,0,0,0,0,0,1,0,0,0,7,0,1,27.0,0.0,170.504281,0.8609312365094048
412,10.0,0.66,0.1,0.71,0.67,0.04,0.9,15,2,13,0,0,0,0,0,0,0,0,1,1,0,0,12,0,1,6.0,0.0,210.600386,0.879345813618597
413,10.0,0.27,0.98,0.67,0.2,0.14,0.0,12,1,12,0,0,0,0,0,0,0,0,0,0,0,1,9,2,0,30025.0,0.0,76.76339499999999,0.7897942041159177
414,10.0,0.2,1.0,0.66,0.09,0.81,0.31,12,2,11,0,0,0,0,0,0,0,0,0,1,0,0,8,2,1,0.0,0.0,163.25824600000004,0.8552127445049406
415,10.0,0.39,0.59,0.61,0.88,0.42,0.03,11,1,11,0,0,0,0,0,0,0,0,1,0,0,0,9,1,0,3546.0,0.0,177.21210899999997,0.8620534204891243
416,10.0,0.99,0.22,0.65,0.94,0.87,0.31,5,1,5,0,0,0,0,0,0,0,0,0,1,0,0,3,1,0,8.0,0.0,179.542451,0.8999489535477284
417,10.0,0.97,0.21,0.81,0.04,0.6,0.14,9,1,9,0,0,0,0,0,0,0,0,0,0,0,0,6,1,2,71.0,0.0,110.978806,0.9021593139787168
418,10.0,0.57,0.1,0.82,0.66,0.83,0.69,13,2,11,0,0,0,0,0,0,0,0,2,0,1,0,7,2,1,28.0,0.0,180.869799,0.890937019969278
419,10.0,0.15,0.24,0.86,0.5,0.26,0.04,14,1,14,0,0,0,0,0,0,0,0,2,1,0,0,8,3,0,159.0,0.0,177.80926900000003,0.8706958577448864
420,10.0,0.95,0.36,0.51,0.59,0.7,0.41,8,1,8,0,0,0,0,0,0,0,0,1,0,0,0,7,0,0,26.0,0.0,176.03272,0.908540471637986
421,10.0,0.35,0.79,0.27,0.91,0.85,0.64,15,1,15,0,0,0,0,0,0,0,0,0,0,1,0,12,1,1,29.0,0.0,186.280901,0.913677811550152
422,10.0,0.67,0.99,0.18,0.31,0.58,0.84,10,1,10,0,0,0,0,0,0,0,0,0,0,1,0,9,0,0,2.0,0.0,171.78480900000002,0.8997244636882503
423,10.0,0.69,0.9,0.84,0.94,0.21,0.42,14,1,14,0,0,0,0,0,0,0,0,2,0,0,0,7,2,3,0.0,0.0,197.574775,0.9027600432177586
424,10.0,0.06,0.83,0.49,0.89,0.4,0.53,11,1,11,0,0,0,0,0,0,0,0,1,0,0,0,10,0,0,0.0,0.0,213.526874,0.944610933140436
425,10.0,0.29,0.59,0.79,0.49,0.06,0.61,17,2,16,0,0,0,0,0,0,0,0,1,0,1,0,12,1,2,32.0,0.0,204.383796,0.897034024402341
426,10.0,0.8,0.4,0.03,0.09,0.24,0.22,15,2,14,0,0,0,0,0,0,0,0,2,1,0,0,10,1,1,58.0,0.0,135.092524,0.9094210207786968
427,10.0,0.23,0.23,0.84,0.5,0.97,0.86,9,2,8,0,0,0,0,0,0,0,0,3,0,0,1,3,2,0,6.0,0.0,198.944486,0.921873380996788
428,10.0,0.18,0.44,0.81,0.46,0.34,0.02,9,1,9,0,0,0,0,0,0,0,0,0,0,0,0,9,0,0,2282.0,0.0,175.59701899999996,0.8743416102332581
429,10.0,0.77,0.79,0.35,0.61,0.18,0.07,12,1,12,0,0,0,0,0,0,0,0,1,0,0,0,9,2,0,5.0,0.0,168.57988699999996,0.8711774865386569
430,10.0,0.54,0.58,0.32,0.3,0.59,0.03,13,1,13,0,0,0,0,0,0,0,0,0,0,0,0,13,0,0,34.0,0.0,152.272491,0.8937183383991895
431,10.0,0.98,0.66,0.59,0.54,0.01,0.11,15,1,15,0,0,0,0,0,0,0,0,0,1,0,0,10,3,1,0.0,0.0,178.37176499999998,0.8845889401826933
432,10.0,0.24,0.67,0.52,0.28,0.47,0.54,10,2,9,0,0,0,0,0,0,0,0,2,0,0,1,4,1,2,13.0,0.0,188.385236,0.9013294557540508
433,10.0,0.33,0.84,0.47,0.55,0.65,0.77,11,2,10,0,0,0,0,0,0,0,0,1,0,0,0,7,3,0,0.0,0.0,188.371816,0.9088672475653512
434,10.0,0.94,0.21,0.06,0.42,0.03,0.85,10,2,9,0,0,0,0,0,0,0,0,1,0,0,0,7,1,1,49.0,0.0,194.89216,0.9273001508295626
435,10.0,0.67,0.74,0.72,0.73,0.47,0.43,13,2,12,0,0,0,0,0,0,0,0,1,0,0,0,10,2,0,43.0,0.0,190.514841,0.9112402324183532
436,10.0,0.87,0.06,0.24,0.35,0.62,0.89,15,1,15,0,0,0,0,0,0,0,0,1,0,0,0,10,2,2,0.0,0.0,170.995146,0.8665440425097077
437,10.0,0.85,0.25,0.78,0.12,0.16,0.01,10,1,10,0,0,0,0,0,0,0,0,0,0,0,0,8,2,0,164.0,0.0,133.9683,0.9324953949506988
438,10.0,0.73,0.24,0.21,0.17,0.22,0.9,6,1,6,0,0,0,0,0,0,0,0,0,0,0,0,5,1,0,15.0,0.0,153.580743,0.8944216829498897
439,10.0,0.57,0.78,0.1,0.27,0.31,0.9,9,1,9,0,0,0,0,0,0,0,0,0,0,0,0,8,1,0,177.0,0.0,170.06134799999995,0.8998593812776216
440,10.0,0.71,0.37,0.1,0.3,0.01,0.75,10,1,10,0,0,0,0,0,0,0,0,0,0,0,0,9,1,0,0.0,0.0,190.861166,0.9048372737164904
441,10.0,0.6,0.86,0.17,0.44,0.15,0.82,9,1,9,0,0,0,0,0,0,0,0,0,0,0,0,7,0,2,0.0,0.0,184.376012,0.894189345381948
442,10.0,0.31,0.56,0.49,0.7,0.22,0.36,15,2,14,0,0,0,0,0,0,0,0,1,0,0,0,11,3,0,0.0,0.0,205.45569,0.9046332848535216
443,10.0,0.46,0.04,0.03,0.0,0.92,0.29,12,1,12,0,0,0,0,0,0,0,0,1,0,0,0,9,1,1,119.0,0.0,100.331411,0.8138325533021321
444,10.0,0.52,0.77,0.38,0.68,0.04,0.89,18,2,15,0,0,0,0,0,0,0,0,4,0,1,1,9,1,2,13.0,0.0,205.511548,0.906760847628658
445,10.0,0.53,0.65,0.32,0.3,0.73,0.7,13,2,12,0,0,0,0,0,0,0,0,0,0,0,1,12,0,0,73.0,0.0,163.31662999999998,0.8788091419406576
446,10.0,0.64,0.68,0.28,0.77,0.77,0.27,15,2,14,0,0,0,0,0,0,0,0,0,1,0,0,11,2,1,1.0,0.0,183.129841,0.9106751643098984
447,10.0,0.12,0.02,0.82,0.05,0.05,0.23,7,1,7,0,0,0,0,0,0,0,0,0,0,0,0,4,3,0,48.0,0.0,168.442068,0.93225638353309
448,10.0,0.75,0.95,0.91,0.91,0.91,0.35,13,1,13,0,0,0,0,0,0,0,0,0,1,0,0,9,2,1,11.0,0.0,175.61281599999998,0.8816071976280544
449,10.0,0.9,0.8,0.4,0.79,0.73,0.15,9,1,9,0,0,0,0,0,0,0,0,0,1,0,1,6,1,0,15.0,0.0,180.055667,0.8948937015696403
450,10.0,0.53,0.37,0.45,0.08,0.84,0.11,13,2,11,0,0,0,0,0,0,0,0,0,0,1,0,11,0,1,36.0,0.0,130.21271199999998,0.8831869009584664
451,10.0,0.61,0.93,0.77,0.5,0.21,0.44,14,2,12,0,0,0,0,0,0,0,0,0,1,0,1,9,2,1,46.0,0.0,179.255042,0.8891559026734756
452,10.0,0.45,0.01,0.92,0.35,0.08,0.38,12,2,11,0,0,0,0,0,0,0,0,1,0,0,1,9,1,0,0.0,0.0,185.686066,0.8780487804878049
453,10.0,0.63,0.95,0.98,0.48,0.62,0.87,13,1,13,0,0,0,0,0,0,0,0,1,0,0,0,7,2,3,7.0,0.0,181.940111,0.8893071523044054
454,10.0,0.76,0.09,0.7,0.08,0.62,0.25,13,2,12,0,0,0,0,0,0,0,0,1,0,0,0,9,1,2,6.0,0.0,125.335881,0.8768828451882845
455,10.0,0.98,0.44,0.05,0.13,0.66,0.97,19,2,18,0,0,0,0,0,0,0,0,0,0,1,1,14,2,1,51.0,0.0,139.626635,0.8809904153354633
456,10.0,0.04,0.95,0.8,0.13,0.78,0.61,14,2,13,0,0,0,0,0,0,0,0,0,1,1,1,10,1,0,113.0,0.0,197.755218,0.8657180078164145
457,10.0,0.01,0.03,0.74,0.66,0.2,0.85,7,2,6,0,0,0,0,0,0,0,0,0,0,0,0,4,2,1,41.0,0.0,239.841273,0.9498249708284714
458,10.0,0.45,0.9,0.56,0.15,0.97,0.67,10,1,10,0,0,0,0,0,0,0,0,1,0,0,0,7,2,0,11.0,0.0,156.26337199999998,0.8640032284100081
459,10.0,0.78,0.35,0.34,0.39,0.25,0.72,13,2,11,0,0,0,0,0,0,0,0,1,0,1,0,9,0,2,20.0,0.0,174.547788,0.8785608674223756
460,10.0,0.39,0.4,0.16,0.19,0.64,0.82,11,2,10,0,0,0,0,0,0,0,0,0,1,0,0,7,2,1,0.0,0.0,170.55968099999998,0.8958456389052963
461,10.0,0.81,0.49,0.8,0.55,0.37,0.22,12,1,12,0,0,0,0,0,0,0,0,0,1,0,0,11,0,0,35.0,0.0,170.46169000000003,0.9001331557922769
462,10.0,0.86,0.13,0.94,0.19,0.45,0.15,10,1,10,0,0,0,0,0,0,0,0,0,0,0,0,9,1,0,0.0,0.0,142.482341,0.8485714285714285
463,10.0,0.38,0.39,0.77,0.22,0.29,0.75,15,1,15,0,0,0,0,0,0,0,0,0,1,0,0,11,2,1,108.0,0.0,178.329162,0.8956574799145733
464,10.0,0.58,0.58,0.98,0.71,0.9,0.98,15,1,15,0,0,0,0,0,0,0,0,2,1,1,0,8,1,2,5.0,0.0,206.073061,0.9004893964110929
465,10.0,0.84,0.92,0.95,0.77,0.65,0.28,11,2,10,0,0,0,0,0,0,0,0,3,0,0,0,6,1,1,83.0,0.0,175.81734999999998,0.8831611570247934
466,10.0,1.0,0.99,0.08,0.13,0.37,0.52,8,2,7,0,0,0,0,0,0,0,0,0,0,0,1,6,1,0,14.0,0.0,141.809449,0.8883563011783503
467,10.0,0.0,0.08,0.25,0.04,0.91,0.5,22,2,16,0,0,0,0,0,0,0,0,7,1,3,0,10,1,0,0.0,0.0,192.893919,0.8905885928477358
468,10.0,0.29,0.29,0.13,0.42,0.92,0.15,13,1,13,0,0,0,0,0,0,0,0,3,1,1,0,6,2,0,9.0,0.0,172.807991,0.8983315954118873
469,10.0,0.73,0.33,0.75,0.96,0.52,0.3,12,2,10,0,0,0,0,0,0,0,0,2,0,0,0,7,1,2,5.0,0.0,184.060368,0.9002496255616576
470,10.0,0.94,0.37,0.36,0.01,0.45,0.87,5,1,5,0,0,0,0,0,0,0,0,0,0,0,0,5,0,0,60.0,0.0,96.905909,0.9606393606393606
471,10.0,0.2,0.74,0.84,0.45,0.76,0.16,13,2,12,0,0,0,0,0,0,0,0,1,0,1,0,8,2,1,21.0,0.0,182.465003,0.8996829941711831
472,10.0,0.38,0.41,0.13,0.46,0.45,0.3,15,1,15,0,0,0,0,0,0,0,0,1,2,0,1,9,2,0,21.0,0.0,181.617323,0.9095296775518588
473,10.0,0.16,0.18,0.33,0.03,0.16,0.45,12,1,12,0,0,0,0,0,0,0,0,0,0,0,0,11,0,1,13.0,0.0,146.19149900000002,0.8748489730165123
474,10.0,0.39,0.08,0.92,0.59,0.26,0.46,13,2,11,0,0,0,0,0,0,0,0,2,0,2,0,6,2,1,14.0,0.0,200.243536,0.9146973466003316
475,10.0,0.73,0.38,0.96,0.68,0.27,0.52,15,2,13,0,0,0,0,0,0,0,0,0,0,2,0,11,1,1,27.0,0.0,188.920457,0.8816693613581245
476,10.0,0.56,0.57,0.08,0.16,0.11,0.47,14,3,12,0,0,0,0,0,0,0,0,1,0,1,0,11,1,0,40.0,0.0,159.18203,0.8794788273615635
477,10.0,0.72,0.31,0.89,0.05,0.41,0.79,12,1,12,0,0,0,0,0,0,0,0,0,1,0,0,11,0,0,86.0,0.0,116.673224,0.9270896888346551
478,10.0,0.87,0.2,0.29,0.21,0.88,0.54,7,2,6,0,0,0,0,0,0,0,0,1,0,0,0,4,2,0,1.0,0.0,158.83173799999997,0.8732142857142857
479,10.0,0.9,0.12,0.2,0.73,0.95,0.18,12,1,12,0,0,0,0,0,0,0,0,1,2,0,0,6,3,0,15.0,0.0,168.628907,0.8665504154272233
480,10.0,0.1,0.91,0.13,0.29,0.97,0.64,8,2,6,0,0,0,0,0,0,0,0,1,0,1,0,6,0,0,29.0,0.0,200.862885,0.9387525562372188
481,10.0,0.57,0.07,0.11,0.52,0.51,0.52,18,1,18,0,0,0,0,0,0,0,0,0,0,0,0,14,3,1,15.0,0.0,175.52849700000002,0.9159086314938346
482,10.0,0.34,0.3,0.68,0.43,0.84,0.37,14,2,12,0,0,0,0,0,0,0,0,0,1,2,0,11,0,0,2.0,0.0,188.065017,0.910257770234433
483,10.0,0.51,0.97,0.09,0.94,0.33,0.33,15,2,13,0,0,0,0,0,0,0,0,1,1,0,1,9,3,0,114.0,0.0,185.614443,0.9013197360527896
484,10.0,0.16,0.28,0.39,0.37,0.02,0.43,17,2,15,0,0,0,0,0,0,0,0,1,0,2,1,10,2,1,34.0,0.0,205.157478,0.881799379524302
485,10.0,0.06,0.69,0.11,0.84,0.72,0.23,18,2,16,0,0,0,0,0,0,0,0,4,1,0,0,9,2,2,31.0,0.0,207.264516,0.947131961132588
486,10.0,0.21,0.77,0.09,0.17,0.95,0.34,10,3,8,0,0,0,0,0,0,0,0,1,0,0,1,8,0,0,4.0,0.0,179.550105,0.9089026915113873
487,10.0,0.12,0.08,0.65,0.43,0.28,0.09,11,2,10,0,0,0,0,0,0,0,0,2,0,3,0,6,0,0,129.0,0.0,186.03396100000003,0.9012333095505044
488,10.0,0.32,0.63,0.77,0.51,0.8,0.72,16,2,14,0,0,0,0,0,0,0,0,2,0,2,0,8,1,3,0.0,0.0,189.03741,0.8782218511948242
489,10.0,0.55,0.11,0.08,0.76,0.29,0.85,9,1,9,0,0,0,0,0,0,0,0,1,0,2,0,5,1,0,32.0,0.0,193.551705,0.9013506753376688
490,10.0,0.67,0.62,0.74,1.0,0.47,0.46,13,2,11,0,0,0,0,0,0,0,0,0,0,3,1,7,2,0,105.0,0.0,189.334497,0.889914845593516
491,10.0,0.55,0.66,0.54,0.04,0.87,0.04,14,1,14,0,0,0,0,0,0,0,0,0,0,0,0,13,1,0,79.0,0.0,112.4673,0.9034271099744244
492,10.0,0.26,0.91,0.99,0.26,0.49,0.18,18,2,17,0,0,0,0,0,0,0,0,1,1,0,1,12,1,2,0.0,0.0,177.51493,0.8595453129866085
493,10.0,0.77,0.87,0.83,0.33,0.67,0.92,14,2,13,0,0,0,0,0,0,0,0,1,1,0,0,11,1,0,151.0,0.0,165.177472,0.8849846997995147
494,10.0,0.02,0.69,0.37,0.19,0.1,0.61,16,2,15,0,0,0,0,0,0,0,0,1,1,1,0,10,2,1,20.0,0.0,215.67560799999995,0.9259296685529508
495,10.0,0.4,0.42,0.49,0.43,0.63,0.39,8,1,8,0,0,0,0,0,0,0,0,0,1,0,0,7,0,0,4.0,0.0,181.726851,0.8739871182214834
496,10.0,0.31,0.42,0.19,0.82,0.39,0.44,12,1,12,0,0,0,0,0,0,0,0,0,0,2,0,8,2,0,118.0,0.0,190.432989,0.8698616198616199
497,10.0,0.13,0.44,0.23,0.03,0.85,0.55,10,1,10,0,0,0,0,0,0,0,0,0,0,0,0,9,0,1,5.0,0.0,155.83189099999998,0.8288465520811762
498,10.0,0.21,0.23,0.16,0.54,0.52,0.67,18,2,14,0,0,0,0,0,0,0,0,4,1,2,0,9,1,1,15.0,0.0,193.56196,0.902051282051282
499,10.0,0.44,0.61,0.28,0.76,0.12,0.7,20,1,20,0,0,0,0,0,0,0,0,1,1,1,1,11,4,1,30.0,0.0,190.590579,0.897133563732466
