,shortages,mismatches,youngblood,FIFO,usability,substitution,today,antibodies A,antibodies B,antibodies D,antibodies C,antibodies c,antibodies E,antibodies e,antibodies K,antibodies Fya,antibodies Fyb,antibodies Jka,antibodies Jkb,antibodies M,antibodies N,antibodies S,total_antibodies,max_antibodies_pp,alloimm_patients,total_shortages,total_outdates,total_alloimm_risk,issuing_age_SCD
0,10.0,0.641,0.539,0.273,0.821,0.905,0.017,0,0,0,0,0,0,0,0,1,0,0,1,5,1,1,9,1,9,3916.0,0.0,150.643171,0.8817427385892116
1,10.0,0.595,0.763,0.141,0.453,0.241,0.421,0,0,0,0,0,0,0,0,1,0,1,0,6,0,8,16,2,14,3.0,0.0,174.11578399999996,0.8999082662317807
2,10.0,0.515,0.377,0.207,0.783,0.151,0.853,0,0,0,0,0,0,0,0,0,2,1,0,10,2,0,15,1,15,95.0,0.0,182.02306899999996,0.9144600846540014
3,10.0,0.173,0.601,0.485,0.461,0.723,0.443,0,0,0,0,0,0,0,0,3,0,1,1,7,4,3,19,2,17,47.0,0.0,190.84431400000003,0.9134277392788993
4,10.0,0.457,0.223,0.989,0.387,0.683,0.003,0,0,0,0,0,0,0,0,0,0,0,0,3,1,0,4,1,4,5975.0,0.0,139.63976899999997,0.8545592705167173
5,10.0,0.707,0.577,0.713,0.799,0.941,0.163,0,0,0,0,0,0,0,0,2,0,2,0,9,1,0,14,2,13,142.0,0.0,175.292557,0.8845318158303156
6,10.0,0.323,0.059,0.329,0.937,0.733,0.871,0,0,0,0,0,0,0,0,2,0,0,0,4,1,6,13,2,11,78.0,0.0,199.10967300000002,0.9382953694792001
7,10.0,0.687,0.497,0.565,0.109,0.153,0.683,0,0,0,0,0,0,0,0,0,2,0,0,13,1,1,17,2,15,17.0,0.0,143.411292,0.8496628739991572
8,10.0,0.831,0.747,0.283,0.181,0.391,0.533,0,0,0,0,0,0,0,0,0,0,1,0,9,0,3,13,3,10,24.0,0.0,155.485969,0.8881335599320204
9,10.0,0.067,0.051,0.765,0.491,0.747,0.715,0,0,0,0,0,0,0,0,2,0,1,0,5,1,4,13,1,13,55.0,0.0,211.813108,0.952934047065953
10,10.0,0.357,0.359,0.949,0.293,0.831,0.563,0,0,0,0,0,0,0,0,0,0,0,0,9,3,3,15,2,14,85.0,0.0,175.94105399999998,0.8726069960910093
11,10.0,0.309,0.787,0.097,0.701,0.047,0.061,0,0,0,0,0,0,0,0,1,1,1,0,10,0,1,14,1,14,97.0,0.0,178.928151,0.8714149645465129
12,10.0,0.051,0.639,0.891,0.633,0.309,0.239,0,0,0,0,0,0,0,0,1,0,1,0,7,1,2,12,2,11,0.0,0.0,206.83171100000004,0.8887082020530541
13,10.0,0.217,0.511,0.263,0.505,0.661,0.439,0,0,0,0,0,0,0,0,3,0,2,0,4,2,0,11,1,11,48.0,0.0,198.812565,0.9096853289742541
14,10.0,0.241,0.247,0.275,0.061,0.467,0.885,0,0,0,0,0,0,0,0,0,0,0,1,5,0,3,9,2,7,2.0,0.0,152.116381,0.8709025117071094
15,10.0,0.319,0.699,0.045,0.477,0.497,0.661,0,0,0,0,0,0,0,0,1,0,0,0,5,0,3,9,2,8,35.0,0.0,184.93339799999995,0.915625
16,10.0,0.781,0.449,0.459,0.475,0.409,0.307,0,0,0,0,0,0,0,0,1,1,0,0,9,1,2,14,1,14,29.0,0.0,165.98390799999996,0.8758620689655172
17,10.0,0.159,0.835,0.343,0.429,0.547,0.737,0,0,0,0,0,0,0,0,3,1,3,0,6,2,2,17,4,12,31.0,0.0,206.68015900000003,0.9340277777777778
18,10.0,0.227,0.185,0.669,0.249,0.043,0.347,0,0,0,0,0,0,0,0,0,0,1,0,5,4,1,11,1,11,0.0,0.0,198.249482,0.8935028809854957
19,10.0,0.529,0.417,0.181,0.731,0.353,0.319,0,0,0,0,0,0,0,0,0,0,1,0,5,2,0,8,1,8,0.0,0.0,195.66551899999996,0.9012722646310433
20,10.0,0.985,0.533,0.377,0.045,0.585,0.971,0,0,0,0,0,0,0,0,0,0,0,0,7,0,1,8,1,8,20.0,0.0,107.486186,0.9007992007992008
21,10.0,0.777,0.715,0.617,0.803,0.363,0.527,0,0,0,0,0,0,0,0,2,0,1,0,9,1,6,19,2,17,1.0,0.0,196.56192099999998,0.8952730236348818
22,10.0,0.259,0.893,0.675,0.839,0.407,0.679,0,0,0,0,0,0,0,0,2,0,0,0,9,2,4,17,2,14,59.0,0.0,198.599633,0.9184168012924071
23,10.0,0.205,0.713,0.557,0.831,0.595,0.425,0,0,0,0,0,0,0,0,0,2,0,0,10,1,3,16,2,15,10.0,0.0,205.643571,0.9140303304208095
24,10.0,0.235,0.943,0.567,0.375,0.523,0.471,0,0,0,0,0,0,0,0,0,0,0,0,10,3,2,15,2,14,0.0,0.0,188.92931299999998,0.9015646662705487
25,10.0,0.175,0.017,0.837,0.147,0.701,0.769,0,0,0,0,0,0,0,0,1,2,2,0,14,0,0,19,1,19,3.0,0.0,186.68394999999998,0.8572975100875898
26,10.0,0.087,0.099,0.621,0.425,0.103,0.689,0,0,0,0,0,0,0,0,2,1,2,0,11,2,5,23,2,19,0.0,0.0,219.52505399999998,0.9208647766673466
27,10.0,0.795,0.743,0.747,0.931,0.051,0.829,0,0,0,0,0,0,0,0,1,0,0,0,10,0,3,14,1,14,77.0,0.0,202.301795,0.9117027994106504
28,10.0,0.157,0.365,0.661,0.905,0.679,0.067,0,0,0,0,0,0,0,0,1,0,2,0,8,1,2,14,2,13,452.0,0.0,186.436027,0.8935332907891937
29,10.0,0.523,0.829,0.317,0.307,0.925,0.905,0,0,0,0,0,0,0,0,1,0,0,0,10,0,0,11,1,11,33.0,0.0,181.47283900000002,0.8990301174068402
30,10.0,0.211,0.851,0.793,0.351,0.649,0.159,0,0,0,0,0,0,0,0,1,1,0,0,7,1,1,11,2,10,35.0,0.0,178.276594,0.8725232511120097
31,10.0,0.287,0.637,0.081,0.037,0.321,0.143,0,0,0,0,0,0,0,0,0,0,0,0,9,2,4,15,1,15,0.0,0.0,128.43971,0.8781652137816521
32,10.0,0.833,0.165,0.481,0.965,0.983,0.087,0,0,0,0,0,0,0,0,2,1,0,0,6,1,2,12,2,10,54.0,0.0,176.420823,0.8891556204989041
33,10.0,0.145,0.323,0.019,0.893,0.947,0.927,0,0,0,0,0,0,0,0,3,3,2,0,8,1,5,22,2,20,8.0,0.0,197.444969,0.911578947368421
34,10.0,0.443,0.369,0.777,0.011,0.045,0.377,0,0,0,0,0,0,0,0,0,0,0,0,10,0,2,12,1,12,8.0,0.0,107.344477,0.9673111421168029
35,10.0,0.139,0.931,0.971,0.353,0.813,0.911,0,0,0,0,0,0,0,0,1,0,1,0,8,0,3,13,3,10,7.0,0.0,207.20451699999998,0.9154087433836503
36,10.0,0.047,0.001,0.229,0.903,0.215,0.349,0,0,0,0,0,0,0,0,1,0,1,1,11,0,3,17,2,16,4.0,0.0,210.38658799999996,0.9484829973528813
37,10.0,0.889,0.961,0.597,0.781,0.895,0.313,0,0,0,0,0,0,0,0,0,0,0,0,7,0,3,10,1,10,0.0,0.0,171.209538,0.8997695852534562
38,10.0,0.657,0.907,0.437,0.487,0.805,0.843,0,0,0,0,0,0,0,0,2,1,0,0,9,1,3,16,2,12,0.0,0.0,172.68281399999998,0.8914634146341464
39,10.0,0.905,0.445,0.129,0.089,0.653,0.437,0,0,0,0,0,0,0,0,0,0,0,0,7,0,2,9,2,7,54.0,0.0,128.002764,0.8890140268250231
40,10.0,0.899,0.755,0.013,0.687,0.931,0.501,0,0,0,0,0,0,0,0,0,0,0,0,13,2,1,16,2,15,72.0,0.0,173.78608900000003,0.9099137931034482
41,10.0,0.547,0.057,0.033,0.097,0.899,0.153,0,0,0,0,0,0,0,0,0,0,0,0,12,0,1,13,1,13,20.0,0.0,140.964596,0.9003927888004835
42,10.0,0.477,0.261,0.189,0.809,0.877,0.909,0,0,0,0,0,0,0,0,2,1,3,0,11,1,2,20,2,16,31.0,0.0,201.755442,0.912437709752873
43,10.0,0.791,0.975,0.037,0.567,0.949,0.305,0,0,0,0,0,0,0,0,0,0,0,0,13,3,1,17,2,16,0.0,0.0,162.59674,0.8837904722623221
44,10.0,0.987,0.711,0.611,0.789,0.107,0.959,0,0,0,0,0,0,0,0,3,1,1,1,10,1,2,19,3,16,8.0,0.0,194.851413,0.8830017523966601
45,10.0,0.569,0.677,0.231,0.175,0.455,0.515,0,0,0,0,0,0,0,0,0,2,0,0,6,4,4,16,2,15,1.0,0.0,153.19814,0.8816898647324054
46,10.0,0.497,0.419,0.691,0.729,0.221,0.935,0,0,0,0,0,0,0,0,0,0,0,0,7,0,1,8,1,8,12.0,0.0,190.216953,0.906399335134012
47,10.0,0.633,0.543,0.987,0.173,0.001,0.581,0,0,0,0,0,0,0,0,0,0,0,0,4,1,5,10,2,9,66.0,0.0,177.93902600000004,0.8918224068031247
48,10.0,0.565,0.143,0.025,0.435,0.989,0.513,0,0,0,0,0,0,0,0,1,0,0,0,7,1,2,11,1,11,0.0,0.0,180.52037100000004,0.9156007654345856
49,10.0,0.129,0.479,0.269,0.615,0.393,0.929,0,0,0,0,0,0,0,0,0,1,1,0,10,2,2,16,2,13,17.0,0.0,203.607477,0.9200805234021138
50,10.0,0.095,0.339,0.857,0.145,0.277,0.915,0,0,0,0,0,0,0,0,1,0,0,0,9,2,0,12,1,12,1.0,0.0,191.36305000000002,0.8787910154228341
51,10.0,0.195,0.095,0.753,0.589,0.387,0.597,0,0,0,0,0,0,0,0,0,1,0,0,4,0,3,8,2,7,6.0,0.0,201.570162,0.918552036199095
52,10.0,0.467,0.837,0.603,0.221,0.441,0.433,0,0,0,0,0,0,0,0,0,0,0,0,9,1,0,10,1,10,44.0,0.0,176.188643,0.8761354252683733
53,10.0,0.183,0.065,0.631,0.581,0.977,0.711,0,0,0,0,0,0,0,0,0,1,2,1,11,0,6,21,3,16,13.0,0.0,199.56534,0.9157531465692246
54,10.0,0.203,0.183,0.339,0.203,0.123,0.405,0,0,0,0,0,0,0,0,0,0,0,0,7,3,2,12,2,11,98.0,0.0,195.17448399999998,0.8795422605902429
55,10.0,0.127,0.929,0.307,0.685,0.513,0.975,0,0,0,0,0,0,0,0,4,1,0,0,7,2,6,20,2,16,0.0,0.0,201.98240299999998,0.9294348894348894
56,10.0,0.419,0.147,0.355,0.273,0.485,0.813,0,0,0,0,0,0,0,0,2,0,0,0,6,3,1,12,1,12,64.0,0.0,184.253389,0.9014331374368492
57,10.0,0.491,0.945,0.417,0.865,0.345,0.193,0,0,0,0,0,0,0,0,0,0,0,0,7,1,4,12,2,10,0.0,0.0,188.86645500000003,0.9095199015182601
58,10.0,0.137,0.853,0.689,0.695,0.843,0.995,0,0,0,0,0,0,0,0,0,1,1,0,5,1,4,12,2,11,1.0,0.0,214.557716,0.9541348158443363
59,10.0,0.281,0.707,0.101,0.939,0.249,0.297,0,0,0,0,0,0,0,0,1,1,1,0,8,2,2,15,2,13,0.0,0.0,190.30033500000002,0.9139426957223568
60,10.0,0.391,0.959,0.665,0.613,0.617,0.519,0,0,0,0,0,0,0,0,0,0,0,0,10,0,0,10,1,10,11.0,0.0,189.84390899999997,0.8988460338912568
61,10.0,0.445,0.451,0.911,0.677,0.829,0.707,0,0,0,0,0,0,0,0,0,0,0,0,9,2,2,13,1,13,148.0,0.0,190.251016,0.9166491486230818
62,10.0,0.755,0.429,0.023,0.847,0.811,0.457,0,0,0,0,0,0,0,0,0,0,0,0,9,0,3,12,1,12,0.0,0.0,179.490411,0.9184344188825814
63,10.0,0.609,0.277,0.759,0.163,0.165,0.523,0,0,0,0,0,0,0,0,0,0,0,0,9,2,1,12,1,12,1.0,0.0,158.643412,0.8402605459057072
64,10.0,0.035,0.939,0.955,0.545,0.663,0.623,0,0,0,0,0,0,0,0,3,0,2,1,6,1,3,16,2,15,0.0,0.0,221.75656699999996,0.941990637085284
65,10.0,0.891,0.241,0.211,0.933,0.121,0.073,0,0,0,0,0,0,0,0,1,0,0,0,11,0,3,15,2,14,246.0,0.0,178.83224499999997,0.8994665572425112
66,10.0,0.915,0.229,0.163,0.759,0.279,0.735,0,0,0,0,0,0,0,0,1,1,1,0,12,0,3,18,3,16,3.0,0.0,187.31947100000002,0.9041278295605859
67,10.0,0.625,0.819,0.819,0.519,0.697,0.755,0,0,0,0,0,0,0,0,1,0,0,1,10,4,1,17,3,14,2.0,0.0,177.22215200000002,0.8928534598329381
68,10.0,0.533,0.733,0.041,0.611,0.263,0.739,0,0,0,0,0,0,0,0,2,1,2,0,12,0,2,19,2,17,96.0,0.0,183.621496,0.9155444200856039
69,10.0,0.527,0.987,0.475,0.297,0.251,0.695,0,0,0,0,0,0,0,0,1,0,0,1,9,1,1,13,2,11,6.0,0.0,178.77676199999996,0.8753027909426013
70,10.0,0.169,0.605,0.513,0.887,0.591,0.025,0,0,0,0,0,0,0,0,2,0,1,0,8,0,0,11,2,9,3794.0,0.0,185.455759,0.8961616675139806
71,10.0,0.997,0.121,0.515,0.707,0.133,0.621,0,0,0,0,0,0,0,0,2,0,1,0,6,2,6,17,2,13,15.0,0.0,191.943062,0.9050651806149865
72,10.0,0.499,0.037,0.381,0.593,0.449,0.379,0,0,0,0,0,0,0,0,1,1,0,0,3,1,2,8,2,7,23.0,0.0,183.258762,0.9020315561513871
73,10.0,0.585,0.933,0.321,0.255,0.681,0.107,0,0,0,0,0,0,0,0,2,0,0,1,7,0,1,11,2,9,17.0,0.0,150.47505800000002,0.8654046182650301
74,10.0,0.317,0.163,0.961,0.467,0.461,0.557,0,0,0,0,0,0,0,0,1,0,0,1,9,2,1,14,1,14,0.0,0.0,188.042681,0.9050670347003155
75,10.0,0.743,0.501,0.161,0.715,0.861,0.625,0,0,0,0,0,0,0,0,2,0,1,0,14,0,3,20,2,17,53.0,0.0,177.473438,0.9151117490260406
76,10.0,0.507,0.947,0.701,0.103,0.421,0.691,0,0,0,0,0,0,0,0,0,0,0,1,8,3,2,14,2,12,7.0,0.0,146.342452,0.8556994310378654
77,10.0,0.949,0.447,0.405,0.187,0.373,0.809,0,0,0,0,0,0,0,0,1,0,0,0,10,2,1,14,1,14,11.0,0.0,151.973793,0.8652647152065941
78,10.0,0.863,0.139,0.445,0.381,0.573,0.791,0,0,0,0,0,0,0,0,0,0,0,0,9,2,5,16,2,15,13.0,0.0,162.47959699999998,0.865988909426987
79,10.0,0.919,0.307,0.253,0.085,0.445,0.179,0,0,0,0,0,0,0,0,1,1,0,0,9,0,2,13,2,11,20.0,0.0,123.60578600000001,0.8687669518047152
80,10.0,0.019,0.117,0.803,0.369,0.507,0.487,0,0,0,0,0,0,0,0,2,0,1,1,6,1,2,13,3,9,16.0,0.0,216.30993899999999,0.962558836114677
81,10.0,0.593,0.477,0.439,0.051,0.691,0.109,0,0,0,0,0,0,0,0,0,0,0,0,10,1,1,12,1,12,88.0,0.0,116.50785799999997,0.8756729810568296
82,10.0,0.843,0.563,0.433,0.311,0.293,0.241,0,0,0,0,0,0,0,0,0,0,0,0,12,0,4,16,2,14,98.0,0.0,160.30287700000002,0.907469225954517
83,10.0,0.269,0.635,0.525,0.901,0.693,0.639,0,0,0,0,0,0,0,0,4,0,1,0,9,1,2,17,2,14,121.0,0.0,205.01071099999996,0.9215116279069767
84,10.0,0.291,0.071,0.677,0.543,0.093,0.617,0,0,0,0,0,0,0,0,3,0,0,0,5,0,3,11,1,11,26.0,0.0,201.803957,0.9029066802651708
85,10.0,0.665,0.741,0.227,0.899,0.739,0.619,0,0,0,0,0,0,0,0,0,0,0,1,9,1,3,14,1,14,49.0,0.0,185.53748299999998,0.8938071065989848
86,10.0,0.851,0.073,0.363,0.189,0.655,0.371,0,0,0,0,0,0,0,0,0,0,0,0,5,1,0,6,1,6,36.0,0.0,148.584377,0.8844743881898346
87,10.0,0.407,0.281,0.919,0.023,0.891,0.743,0,0,0,0,0,0,0,0,2,0,0,0,12,1,4,19,3,15,108.0,0.0,126.14766700000003,0.9317022384174909
88,10.0,0.631,0.883,0.407,0.841,0.629,0.229,0,0,0,0,0,0,0,0,2,2,0,0,7,0,3,14,2,13,4.0,0.0,176.56735299999997,0.8714859437751004
89,10.0,0.119,0.391,0.389,0.497,0.825,0.847,0,0,0,0,0,0,0,0,1,0,1,0,6,1,2,11,1,11,37.0,0.0,209.970632,0.9240019714144899
90,10.0,0.141,0.631,0.725,0.527,0.901,0.467,0,0,0,0,0,0,0,0,1,0,0,0,12,1,4,18,2,15,0.0,0.0,196.70924200000002,0.9226588628762542
91,10.0,0.043,0.649,0.555,0.121,0.615,0.201,0,0,0,0,0,0,0,0,0,0,1,0,8,0,3,12,2,11,2.0,0.0,188.08971699999995,0.8770287762620731
92,10.0,0.955,0.989,0.091,0.253,0.935,0.101,0,0,0,0,0,0,0,0,0,0,0,0,8,1,2,11,2,10,77.0,0.0,138.728625,0.8644084832646497
93,10.0,0.983,0.053,0.825,0.743,0.783,0.451,0,0,0,0,0,0,0,0,2,0,0,0,7,1,2,12,2,10,1.0,0.0,189.02405100000001,0.8900741643807782
94,10.0,0.881,0.693,0.887,0.515,0.951,0.445,0,0,0,0,0,0,0,0,1,0,0,0,7,1,4,13,2,11,22.0,0.0,171.578615,0.8836865970684382
95,10.0,0.977,0.817,0.959,0.829,0.669,0.049,0,0,0,0,0,0,0,0,2,0,1,0,11,0,3,17,3,14,333.0,0.0,161.77939700000002,0.9191260225742984
96,10.0,0.413,0.483,0.501,0.881,0.127,0.341,0,0,0,0,0,0,0,0,1,0,0,0,10,0,3,14,2,12,92.0,0.0,190.694649,0.899926570859121
97,10.0,0.379,0.621,0.251,0.401,0.991,0.399,0,0,0,0,0,0,0,0,0,0,1,0,10,2,4,17,2,14,7.0,0.0,178.10547,0.9032031328446631
98,10.0,0.303,0.843,0.531,0.889,0.757,0.117,0,0,0,0,0,0,0,0,1,2,0,0,10,1,3,17,3,14,13.0,0.0,181.91145500000002,0.9243326488706366
99,10.0,0.333,0.725,0.259,0.469,0.625,0.419,0,0,0,0,0,0,0,0,2,0,0,0,9,3,3,17,2,15,39.0,0.0,185.552068,0.914280031821798
100,10.0,0.995,0.075,0.327,0.207,0.545,0.863,0,0,0,0,0,0,0,0,2,0,1,0,8,0,1,12,2,10,10.0,0.0,158.223277,0.8762391415431783
101,10.0,0.709,0.047,0.801,0.423,0.111,0.231,0,0,0,0,0,0,0,0,0,0,0,0,7,2,0,9,1,9,14.0,0.0,177.19791800000002,0.8868642370845014
102,10.0,0.539,0.273,0.303,0.021,0.887,0.081,0,0,0,0,0,0,0,0,0,0,1,0,6,5,0,12,2,11,13.0,0.0,119.26228499999999,0.8568036341110882
103,10.0,0.521,0.329,0.069,0.339,0.333,0.593,0,0,0,0,0,0,0,0,0,1,1,0,7,0,0,9,2,8,24.0,0.0,171.196896,0.8928111056023798
104,10.0,0.689,0.551,0.543,0.999,0.503,0.999,0,0,0,0,0,0,0,0,1,2,0,0,8,1,2,14,2,12,90.0,0.0,194.309824,0.9177052219590071
105,10.0,0.013,0.969,0.477,0.549,0.343,0.977,0,0,0,0,0,0,0,0,6,0,2,0,10,1,2,21,3,17,48.0,0.0,232.533953,0.9533030761472516
106,10.0,0.943,0.565,0.233,0.437,0.169,0.899,0,0,0,0,0,0,0,0,2,0,0,1,10,2,1,16,2,13,10.0,0.0,188.56077,0.8781281790437436
107,10.0,0.331,0.067,0.947,0.407,0.185,0.553,0,0,0,0,0,0,0,0,1,0,0,0,8,0,0,9,2,8,60.0,0.0,188.961232,0.9116780160585425
108,10.0,0.427,0.151,0.845,0.257,0.303,0.539,0,0,0,0,0,0,0,0,1,0,0,0,12,2,3,18,2,16,40.0,0.0,168.60364300000003,0.8962518119693519
109,10.0,0.077,0.899,0.383,0.033,0.173,0.861,0,0,0,0,0,0,0,0,3,0,0,0,10,1,1,15,1,15,165.0,0.0,164.00375599999998,0.8673797902170527
110,10.0,0.897,0.015,0.087,0.591,0.237,0.955,0,0,0,0,0,0,0,0,0,0,0,0,6,3,6,15,2,12,26.0,0.0,189.77962200000002,0.9093582074419548
111,10.0,0.865,0.549,0.313,0.533,0.569,0.271,0,0,0,0,0,0,0,0,0,0,0,1,8,1,2,12,1,12,0.0,0.0,168.32266199999998,0.8707314556896729
112,10.0,0.535,0.171,0.463,0.601,0.201,0.713,0,0,0,0,0,0,0,0,1,0,2,0,11,1,4,19,2,15,48.0,0.0,196.77840299999997,0.887438322368421
113,10.0,0.343,0.761,0.441,0.577,0.919,0.779,0,0,0,0,0,0,0,0,0,2,0,0,7,1,2,12,2,11,5.0,0.0,196.96532699999997,0.9135827780625321
114,10.0,0.969,0.937,0.805,0.875,0.961,0.105,0,0,0,0,0,0,0,0,1,0,0,0,11,1,1,14,2,13,21.0,0.0,173.474992,0.8800986335148464
115,10.0,0.347,0.599,0.755,0.169,0.375,0.567,0,0,0,0,0,0,0,0,1,0,0,0,5,2,1,9,1,9,0.0,0.0,167.483388,0.8538397154216363
116,10.0,0.027,0.607,0.781,0.155,0.793,0.965,0,0,0,0,0,0,0,0,2,0,0,1,8,0,5,16,1,16,23.0,0.0,204.903358,0.8915459416550903
117,10.0,0.973,0.363,0.457,0.135,0.109,0.957,0,0,0,0,0,0,0,0,0,0,0,1,4,0,0,5,1,5,5.0,0.0,147.97736400000002,0.9270011570421794
118,10.0,0.925,0.619,0.523,0.501,0.631,0.267,0,0,0,0,0,0,0,0,0,0,0,2,4,1,2,9,1,9,12.0,0.0,167.961235,0.8923986142245771
119,10.0,0.305,0.301,0.403,0.197,0.205,0.677,0,0,0,0,0,0,0,0,0,0,0,0,3,1,1,5,2,4,0.0,0.0,180.58646599999997,0.8746569075937786
120,10.0,0.835,0.643,0.195,0.059,0.561,0.251,0,0,0,0,0,0,0,0,0,0,0,1,8,2,0,11,1,11,4.0,0.0,109.915733,0.8891801956236766
121,10.0,0.079,0.953,0.643,0.739,0.289,0.681,0,0,0,0,0,0,0,0,1,0,0,0,7,0,3,11,2,10,10.0,0.0,211.40214400000002,0.9428184564107905
122,10.0,0.519,0.877,0.823,0.223,0.207,0.545,0,0,0,0,0,0,0,0,1,0,0,0,10,1,4,16,2,14,37.0,0.0,166.810439,0.8735281749369218
123,10.0,0.239,0.255,0.709,0.447,0.131,0.325,0,0,0,0,0,0,0,0,0,0,1,0,8,0,2,11,1,11,74.0,0.0,196.811088,0.9060041407867495
124,10.0,0.385,0.461,0.813,0.909,0.879,0.321,0,0,0,0,0,0,0,0,0,2,0,0,9,1,2,14,2,12,0.0,0.0,193.71227399999998,0.908284620036283
125,10.0,0.855,0.473,0.333,0.053,0.083,0.541,0,0,0,0,0,0,0,0,0,0,0,0,9,0,2,11,1,11,53.0,0.0,111.29249399999999,0.8995230524642289
126,10.0,0.425,0.769,0.921,0.439,0.997,0.495,0,0,0,0,0,0,0,0,2,0,0,0,11,1,5,19,2,17,5.0,0.0,182.27675399999998,0.9005079175380938
127,10.0,0.115,0.475,0.569,0.035,0.063,0.429,0,0,0,0,0,0,0,0,1,0,0,1,6,0,1,9,2,8,26.0,0.0,158.264736,0.9250932553684847
128,10.0,0.571,0.949,0.703,0.733,0.365,0.299,0,0,0,0,0,0,0,0,2,0,0,0,5,1,2,10,1,10,68.0,0.0,182.724881,0.9144084262194498
129,10.0,0.245,0.745,0.305,0.349,0.753,0.761,0,0,0,0,0,0,0,0,1,0,0,0,4,0,1,6,2,5,33.0,0.0,199.292568,0.8983175604626709
130,10.0,0.877,0.231,0.593,0.983,0.845,0.217,0,0,0,0,0,0,0,0,0,0,0,0,11,0,3,14,1,14,6.0,0.0,176.20628100000002,0.8756653610525259
131,10.0,0.669,0.869,0.135,0.521,0.865,0.477,0,0,0,0,0,0,0,0,2,0,0,0,9,1,2,14,2,11,3.0,0.0,177.35229999999996,0.9015997585270148
132,10.0,0.681,0.813,0.855,0.281,0.933,0.797,0,0,0,0,0,0,0,0,0,0,0,0,6,1,3,10,1,10,0.0,0.0,166.978365,0.9
133,10.0,0.921,0.111,0.493,0.305,0.433,0.215,0,0,0,0,0,0,0,0,0,0,1,0,7,1,1,10,2,8,95.0,0.0,154.45959799999997,0.8699748743718593
134,10.0,0.059,0.199,0.847,0.243,0.815,0.981,0,0,0,0,0,0,0,0,1,0,1,0,5,1,3,11,2,8,87.0,0.0,208.801945,0.9393663326247595
135,10.0,0.437,0.777,0.811,0.691,0.907,0.079,0,0,0,0,0,0,0,0,0,0,0,0,4,1,0,5,1,5,28.0,0.0,174.05410599999996,0.8935738684884714
136,10.0,0.789,0.149,0.461,0.277,0.995,0.799,0,0,0,0,0,0,0,0,0,0,0,0,4,2,1,7,1,7,37.0,0.0,158.398507,0.8766475500553376
137,10.0,0.513,0.657,0.357,0.049,0.197,0.867,0,0,0,0,0,0,0,0,0,0,0,1,3,2,1,7,2,6,79.0,0.0,132.82616199999998,0.8915851272015656
138,10.0,0.517,0.871,0.145,0.627,0.009,0.323,0,0,0,0,0,0,0,0,2,0,2,0,6,0,4,14,3,11,27.0,0.0,205.14542999999998,0.9088667420117127
139,10.0,0.449,0.207,0.795,0.361,0.033,0.029,0,0,0,0,0,0,0,0,0,0,0,1,9,3,0,13,2,12,241.0,0.0,174.29471,0.8739662933110017
140,10.0,0.503,0.345,0.387,0.575,0.317,0.491,0,0,0,0,0,0,0,0,3,0,0,0,10,0,0,13,2,12,31.0,0.0,186.52592600000003,0.9003130996869003
141,10.0,0.989,0.327,0.585,0.773,0.405,0.657,0,0,0,0,0,0,0,0,0,0,0,0,5,1,5,11,2,10,91.0,0.0,181.016761,0.8947368421052632
142,10.0,0.279,0.357,0.563,0.137,0.085,0.855,0,0,0,0,0,0,0,0,0,1,0,0,14,1,2,18,2,17,0.0,0.0,178.787156,0.8719236564540432
143,10.0,0.751,0.089,0.741,0.603,0.987,0.411,0,0,0,0,0,0,0,0,1,0,0,1,8,0,0,10,1,10,2.0,0.0,176.56982299999999,0.8949711626024487
144,10.0,0.023,0.517,0.183,0.637,0.839,0.979,0,0,0,0,0,0,0,0,5,1,1,0,8,0,6,21,2,19,1.0,0.0,217.03149799999997,0.92930501545518
145,10.0,0.383,0.675,0.841,0.721,0.313,0.953,0,0,0,0,0,0,0,0,1,0,0,1,5,2,2,11,1,11,44.0,0.0,201.260036,0.9202640402347024
146,10.0,0.295,0.653,0.539,0.667,0.155,0.195,0,0,0,0,0,0,0,0,1,1,0,0,5,0,2,9,2,8,0.0,0.0,191.30823100000003,0.8963505093462566
147,10.0,0.591,0.537,0.849,0.241,0.259,0.023,0,0,0,0,0,0,0,0,0,0,0,1,8,0,3,12,2,10,58.0,0.0,149.04598299999998,0.8745961227786753
148,10.0,0.003,0.545,0.619,0.607,0.145,0.703,0,0,0,0,0,0,0,0,3,0,0,2,7,3,3,18,2,15,56.0,0.0,241.19871700000002,0.9404724409448819
149,10.0,0.747,0.289,0.187,0.513,0.959,0.655,0,0,0,0,0,0,0,0,2,0,0,0,10,2,4,18,1,18,6.0,0.0,175.34943399999997,0.8759889037295798
150,10.0,0.117,0.263,0.395,0.815,0.657,0.605,0,0,0,0,0,0,0,0,2,0,1,0,6,3,3,15,2,12,65.0,0.0,204.56712000000002,0.9460632362058277
151,10.0,0.871,0.187,0.571,0.291,0.785,0.531,0,0,0,0,0,0,0,0,0,0,0,0,7,1,3,11,2,10,0.0,0.0,167.03524600000003,0.8527123742350379
152,10.0,0.801,0.039,0.413,0.113,0.775,0.535,0,0,0,0,0,0,0,0,2,0,1,0,8,1,0,12,2,11,17.0,0.0,139.29419299999998,0.8581221437474034
153,10.0,0.975,0.205,0.499,0.563,0.737,0.077,0,0,0,0,0,0,0,0,0,1,0,0,6,2,1,10,1,10,1.0,0.0,149.342266,0.8780920571965348
154,10.0,0.765,0.219,0.213,0.517,0.581,0.041,0,0,0,0,0,0,0,0,1,0,0,0,7,2,2,12,1,12,201.0,0.0,152.420433,0.8842907144327774
155,10.0,0.479,0.739,0.835,0.661,0.913,0.381,0,0,0,0,0,0,0,0,0,3,1,0,8,0,3,15,2,14,13.0,0.0,185.108865,0.9037755102040816
156,10.0,0.053,0.797,0.179,0.165,0.965,0.385,0,0,0,0,0,0,0,0,1,0,2,0,7,0,2,12,2,11,0.0,0.0,186.36238599999996,0.9143262698975971
157,10.0,0.509,0.595,0.225,0.385,0.397,0.857,0,0,0,0,0,0,0,0,0,0,0,0,5,1,4,10,1,10,0.0,0.0,180.131215,0.9022616319617416
158,10.0,0.803,0.991,0.625,0.239,0.647,0.397,0,0,0,0,0,0,0,0,0,0,0,0,4,2,2,8,2,7,2.0,0.0,160.636633,0.876207290476685
159,10.0,0.163,0.437,0.999,0.289,0.191,0.021,0,0,0,0,0,0,0,0,1,1,2,0,8,1,1,14,2,13,243.0,0.0,163.239217,0.8730256410256411
160,10.0,0.645,0.519,0.353,0.827,0.917,0.427,0,0,0,0,0,0,0,0,0,3,0,1,6,2,5,17,2,15,24.0,0.0,184.002642,0.8922986131602243
161,10.0,0.597,0.337,0.773,0.651,0.501,0.315,0,0,0,0,0,0,0,0,3,0,1,0,9,1,2,16,2,14,11.0,0.0,183.767878,0.9019242096995876
162,10.0,0.637,0.623,0.157,0.411,0.759,0.253,0,0,0,0,0,0,0,0,1,0,0,0,4,0,1,6,1,6,11.0,0.0,159.88049399999997,0.8926045665791069
163,10.0,0.399,0.251,0.281,0.761,0.749,0.671,0,0,0,0,0,0,0,0,1,0,2,0,2,2,0,7,1,7,0.0,0.0,199.38111900000004,0.9222043766311986
164,10.0,0.275,0.169,0.219,0.373,0.323,0.851,0,0,0,0,0,0,0,0,1,0,0,0,8,0,3,12,1,12,85.0,0.0,200.37878199999997,0.9047474440732868
165,10.0,0.991,0.807,0.237,0.625,0.563,0.631,0,0,0,0,0,0,0,0,0,0,1,0,10,1,3,15,2,14,24.0,0.0,176.34158699999995,0.8966
166,10.0,0.081,0.581,0.903,0.921,0.499,0.949,0,0,0,0,0,0,0,0,4,0,1,0,8,0,0,13,2,12,46.0,0.0,210.495581,0.9337802153158643
167,10.0,0.961,0.435,0.447,0.843,0.973,0.697,0,0,0,0,0,0,0,0,0,0,0,1,4,2,2,9,1,9,39.0,0.0,181.333145,0.8814060112073357
168,10.0,0.775,0.371,0.893,0.359,0.039,0.913,0,0,0,0,0,0,0,0,1,0,0,1,10,0,0,12,1,12,35.0,0.0,192.412987,0.8762793497892836
169,10.0,0.487,0.233,0.011,0.117,0.187,0.571,0,0,0,0,0,0,0,0,1,1,0,0,10,0,0,12,2,11,77.0,0.0,152.850017,0.9124
170,10.0,0.757,0.309,0.465,0.161,0.505,0.363,0,0,0,0,0,0,0,0,0,0,0,0,5,1,1,7,1,7,34.0,0.0,146.03900399999998,0.8358086653692512
171,10.0,0.085,0.805,0.159,0.993,0.029,0.705,0,0,0,0,0,0,0,0,0,1,0,1,9,2,2,15,2,14,32.0,0.0,204.459397,0.9154097669022255
172,10.0,0.365,0.723,0.737,0.229,0.245,0.263,0,0,0,0,0,0,0,0,1,0,0,0,7,3,2,13,2,12,26.0,0.0,172.42554599999997,0.8324525955859496
173,10.0,0.469,0.225,0.981,0.529,0.985,0.311,0,0,0,0,0,0,0,0,2,0,0,1,9,1,1,14,2,13,15.0,0.0,179.141254,0.8572009350543754
174,10.0,0.481,0.155,0.143,0.259,0.921,0.637,0,0,0,0,0,0,0,0,1,2,0,0,9,0,2,14,2,12,39.0,0.0,164.418322,0.882227415913017
175,10.0,0.441,0.463,0.299,0.405,0.113,0.227,0,0,0,0,0,0,0,0,2,0,1,1,8,1,0,13,2,11,2.0,0.0,187.17545099999998,0.8747675139491631
176,10.0,0.531,0.087,0.171,0.653,0.667,0.529,0,0,0,0,0,0,0,0,1,1,2,1,6,1,2,14,2,11,3.0,0.0,183.851817,0.8793015419176963
177,10.0,0.263,0.663,0.215,0.171,0.521,0.937,0,0,0,0,0,0,0,0,2,0,0,0,9,1,1,13,2,12,120.0,0.0,181.819975,0.8980557555807016
178,10.0,0.559,0.285,0.601,0.251,0.209,0.815,0,0,0,0,0,0,0,0,2,0,0,0,9,0,2,13,2,9,12.0,0.0,173.252734,0.8935051546391752
179,10.0,0.715,0.413,0.509,0.713,0.357,0.821,0,0,0,0,0,0,0,0,0,2,0,0,8,1,1,12,2,11,2.0,0.0,192.633602,0.8940111567203453
180,10.0,0.837,0.109,0.209,0.459,0.119,0.125,0,0,0,0,0,0,0,0,0,0,0,1,7,1,1,10,2,9,1.0,0.0,165.73419599999997,0.8747749549909982
181,10.0,0.359,0.333,0.695,0.231,0.639,0.591,0,0,0,0,0,0,0,0,0,0,0,0,8,1,1,10,1,10,0.0,0.0,177.247216,0.8906945450781493
182,10.0,0.811,0.919,0.009,0.599,0.383,0.257,0,0,0,0,0,0,0,0,0,0,0,1,10,3,4,18,2,17,45.0,0.0,176.53421400000002,0.9249316178705298
183,10.0,0.475,0.687,0.077,0.647,0.517,0.587,0,0,0,0,0,0,0,0,1,0,0,1,5,1,3,11,2,9,2.0,0.0,189.60270900000003,0.9133441822620016
184,10.0,0.429,0.895,0.295,0.697,0.867,0.129,0,0,0,0,0,0,0,0,1,0,1,1,11,0,4,18,2,15,172.0,0.0,168.621571,0.8913327307421914
185,10.0,0.265,0.815,0.379,0.127,0.219,0.351,0,0,0,0,0,0,0,0,0,1,0,0,12,1,1,15,1,15,0.0,0.0,174.019269,0.8833629366489046
186,10.0,0.581,0.491,0.599,0.639,0.489,0.887,0,0,0,0,0,0,0,0,1,0,1,0,8,2,3,15,2,14,13.0,0.0,191.93497200000002,0.8951439201096534
187,10.0,0.181,0.957,0.029,0.595,0.903,0.293,0,0,0,0,0,0,0,0,2,0,0,0,10,2,2,16,2,14,13.0,0.0,194.640927,0.9033472377657951
188,10.0,0.093,0.585,0.155,0.157,0.199,0.503,0,0,0,0,0,0,0,0,4,1,0,0,10,1,1,17,2,15,1.0,0.0,200.631395,0.9043724124002828
189,10.0,0.131,0.269,0.627,0.869,0.437,0.055,0,0,0,0,0,0,0,0,1,1,2,0,6,1,1,12,2,11,456.0,0.0,187.29822699999997,0.8890979524073049
190,10.0,0.017,0.031,0.337,0.853,0.553,0.731,0,0,0,0,0,0,0,0,0,1,1,1,5,1,1,10,1,10,0.0,0.0,228.42664699999997,0.9427985648385443
191,10.0,0.767,0.127,0.541,0.801,0.081,0.279,0,0,0,0,0,0,0,0,1,0,1,0,12,0,0,14,2,13,16.0,0.0,194.83426899999998,0.9074690051406108
192,10.0,0.219,0.061,0.507,0.209,0.601,0.283,0,0,0,0,0,0,0,0,4,0,0,0,7,2,3,16,2,14,17.0,0.0,176.64762599999997,0.8614085667215815
193,10.0,0.325,0.525,0.221,0.217,0.117,0.757,0,0,0,0,0,0,0,0,3,0,0,0,8,2,0,13,2,11,57.0,0.0,189.85192400000003,0.8852390852390852
194,10.0,0.111,0.157,0.645,0.363,0.721,0.095,0,0,0,0,0,0,0,0,1,1,0,0,8,1,1,12,2,11,4.0,0.0,182.01325599999996,0.8631051752921536
195,10.0,0.725,0.825,0.653,0.949,0.597,0.803,0,0,0,0,0,0,0,0,0,0,0,0,9,1,0,10,1,10,203.0,0.0,189.179925,0.8956629748473243
196,10.0,0.875,0.103,0.503,0.621,0.301,0.633,0,0,0,0,0,0,0,0,2,0,0,0,7,0,1,10,1,10,0.0,0.0,179.603554,0.906204606764889
197,10.0,0.007,0.833,0.745,0.125,0.377,0.329,0,0,0,0,0,0,0,0,1,2,2,0,8,1,4,18,2,16,4.0,0.0,205.568754,0.8838524000411142
198,10.0,0.635,0.887,0.529,0.483,0.203,0.339,0,0,0,0,0,0,0,0,2,0,0,0,6,2,4,14,2,13,26.0,0.0,182.17045599999997,0.882970976802247
199,10.0,0.935,0.093,0.117,0.493,0.227,0.357,0,0,0,0,0,0,0,0,0,0,0,0,7,1,1,9,1,9,1.0,0.0,174.83754799999997,0.8713329902213073
200,10.0,0.461,0.355,0.865,0.073,0.761,0.973,0,0,0,0,0,0,0,0,0,0,0,0,9,1,2,12,1,12,24.0,0.0,143.98668399999997,0.8738999896469614
201,10.0,0.543,0.717,0.003,0.093,0.099,0.675,0,0,0,0,0,0,0,0,0,1,2,0,10,2,0,15,2,14,45.0,1.0,144.55005699999998,0.9398978371916096
202,10.0,0.369,0.325,0.817,0.559,0.291,0.613,0,0,0,0,0,0,0,0,1,0,1,0,8,0,4,14,2,12,0.0,0.0,198.53599,0.9171152869476892
203,10.0,0.083,0.315,0.613,0.793,0.101,0.781,0,0,0,0,0,0,0,0,2,1,0,0,8,0,0,11,1,11,61.0,0.0,207.264271,0.9115952655284383
204,10.0,0.723,0.181,0.103,0.805,0.413,0.825,0,0,0,0,0,0,0,0,0,0,2,0,8,0,4,14,2,13,20.0,0.0,187.56616800000003,0.9018836679776444
205,10.0,0.113,0.049,0.359,0.335,0.859,0.917,0,0,0,0,0,0,0,0,3,0,3,1,9,0,6,22,3,16,18.0,0.0,196.53861799999999,0.9226787789162354
206,10.0,0.579,0.515,0.423,0.043,0.395,0.199,0,0,0,0,0,0,0,0,0,0,0,0,8,0,1,9,1,9,0.0,0.0,122.45666199999998,0.9030678525032477
207,10.0,0.031,0.559,0.829,0.485,0.873,0.831,0,0,0,0,0,0,0,0,2,2,1,1,8,2,3,19,2,17,10.0,0.0,218.35580099999999,0.9413022351797862
208,10.0,0.887,0.321,0.869,0.825,0.491,0.719,0,0,0,0,0,0,0,0,0,0,1,0,12,2,3,18,2,16,220.0,0.0,182.01217799999998,0.8857982575837094
209,10.0,0.769,0.647,0.639,0.753,0.015,0.805,0,0,0,0,0,0,0,0,3,0,1,1,14,2,0,21,2,17,167.0,0.0,209.591718,0.899172234965593
210,10.0,0.699,0.509,0.577,0.963,0.695,0.413,0,0,0,0,0,0,0,0,0,0,1,0,6,0,2,9,1,9,49.0,0.0,187.98656700000004,0.8861813695249846
211,10.0,0.615,0.293,0.453,0.885,0.707,0.043,0,0,0,0,0,0,0,0,2,0,0,0,9,0,2,13,2,11,805.0,0.0,162.51501899999997,0.8854649283482383
212,10.0,0.741,0.489,0.975,0.879,0.599,0.175,0,0,0,0,0,0,0,0,1,0,1,0,8,0,1,11,2,9,17.0,0.0,170.55016499999996,0.8625026646770412
213,10.0,0.277,0.627,0.351,0.693,0.019,0.369,0,0,0,0,0,0,0,0,1,0,1,0,5,3,1,11,1,11,10.0,0.0,206.538439,0.9171460288626501
214,10.0,0.733,0.007,0.547,0.705,0.229,0.517,0,0,0,0,0,0,0,0,1,0,0,2,8,1,1,13,2,12,8.0,0.0,189.50811100000004,0.8992459153749476
215,10.0,0.573,0.237,0.635,0.775,0.053,0.873,0,0,0,0,0,0,0,0,3,1,1,0,5,2,5,17,3,13,133.0,0.0,199.431438,0.8927608587119321
216,10.0,0.917,0.083,0.991,0.455,0.641,0.337,0,0,0,0,0,0,0,0,1,0,0,0,10,2,1,14,2,13,40.0,0.0,167.720162,0.8676264747050589
217,10.0,0.387,0.979,0.787,0.329,0.213,0.165,0,0,0,0,0,0,0,0,3,0,0,0,7,2,1,13,2,12,0.0,0.0,179.90975500000002,0.8803911477097273
218,10.0,0.663,0.963,0.309,0.367,0.571,0.423,0,0,0,0,0,0,0,0,0,0,0,0,7,2,0,9,1,9,16.0,0.0,166.323245,0.886749948801966
219,10.0,0.761,0.695,0.067,0.891,0.239,0.415,0,0,0,0,0,0,0,0,1,0,0,0,10,1,3,15,2,14,105.0,0.0,184.716371,0.8991195502280683
220,10.0,0.201,0.389,0.863,0.769,0.243,0.551,0,0,0,0,0,0,0,0,1,2,0,0,5,1,1,10,1,10,10.0,0.0,198.16511699999998,0.9217551396133783
221,10.0,0.959,0.629,0.889,0.055,0.261,0.171,0,0,0,0,0,0,0,0,2,1,1,0,10,0,0,14,2,10,83.0,0.0,111.51012600000001,0.9444805194805195
222,10.0,0.639,0.297,0.061,0.237,0.623,0.583,0,0,0,0,0,0,0,0,0,0,0,0,10,1,0,11,1,11,47.0,0.0,154.54352599999999,0.8785611805697889
223,10.0,0.753,0.593,0.235,0.389,0.527,0.575,0,0,0,0,0,0,0,0,1,0,1,0,9,0,3,14,1,14,61.0,0.0,164.64541300000002,0.8525835866261399
224,10.0,0.321,0.197,0.545,0.659,0.579,0.391,0,0,0,0,0,0,0,0,0,0,0,0,4,1,3,8,1,8,27.0,0.0,188.30169,0.8992988517427091
225,10.0,0.185,0.683,0.707,0.013,0.703,0.161,0,0,0,0,0,0,0,0,2,0,0,0,7,1,1,11,2,10,8.0,0.0,132.60441899999998,0.9143058776086299
226,10.0,0.377,0.941,0.397,0.071,0.031,0.895,0,0,0,0,0,0,0,0,0,0,1,0,14,1,1,17,2,15,5.0,0.0,159.448577,0.876544450025113
227,10.0,0.815,0.035,0.175,0.623,0.273,0.261,0,0,0,0,0,0,0,0,1,0,0,0,8,2,2,13,2,11,12.0,0.0,166.167076,0.9023185483870968
228,10.0,0.167,0.401,0.369,0.271,0.659,0.167,0,0,0,0,0,0,0,0,3,0,2,0,6,2,0,13,2,11,3.0,0.0,180.75481999999997,0.8699949057564952
229,10.0,0.177,0.903,0.431,0.663,0.075,0.207,0,0,0,0,0,0,0,0,2,0,1,0,8,1,4,16,2,15,2.0,0.0,204.649043,0.9334204968319421
230,10.0,0.207,0.727,0.945,0.275,0.539,0.651,0,0,0,0,0,0,0,0,0,1,1,0,6,2,1,11,1,11,3.0,0.0,185.375601,0.8763058921855411
231,10.0,0.649,0.249,0.049,0.201,0.795,0.071,0,0,0,0,0,0,0,0,0,0,0,0,4,2,1,7,2,6,61.0,0.0,152.96091399999997,0.8639610725748007
232,10.0,0.577,0.709,0.877,0.227,0.575,0.151,0,0,0,0,0,0,0,0,0,0,0,0,8,0,2,10,1,10,3.0,0.0,152.31331899999998,0.8581182849683703
233,10.0,0.913,0.423,0.005,0.569,0.023,0.897,0,0,0,0,0,0,0,0,0,0,0,0,6,1,3,10,1,10,81.0,1.0,197.94161,0.9496907216494845
234,10.0,0.505,0.809,0.927,0.391,0.477,0.555,0,0,0,0,0,0,0,0,1,0,0,0,10,1,1,13,2,11,16.0,0.0,184.177637,0.9003507324118011
235,10.0,0.231,0.257,0.473,0.215,0.999,0.997,0,0,0,0,0,0,0,0,1,0,0,0,3,1,3,8,1,8,35.0,0.0,186.066121,0.9001998001998002
236,10.0,0.105,0.911,0.375,0.343,0.823,0.801,0,0,0,0,0,0,0,0,2,0,1,0,12,1,1,17,2,16,16.0,0.0,190.097299,0.9063355494720375
237,10.0,0.809,0.827,0.167,0.393,0.789,0.367,0,0,0,0,0,0,0,0,1,0,0,1,8,1,6,17,2,16,104.0,0.0,159.77143,0.8833298516816378
238,10.0,0.693,0.395,0.119,0.709,0.411,0.463,0,0,0,0,0,0,0,0,0,2,1,1,5,3,1,13,2,12,5.0,0.0,181.79241999999996,0.8911180773249738
239,10.0,0.779,0.583,0.519,0.357,0.105,0.537,0,0,0,0,0,0,0,0,3,0,0,0,7,3,1,14,2,12,17.0,0.0,181.02332499999997,0.885381398127863
240,10.0,0.187,0.689,0.115,0.503,0.715,0.401,0,0,0,0,0,0,0,0,1,0,0,1,6,0,2,10,1,10,0.0,0.0,192.03826399999997,0.9056047197640118
241,10.0,0.605,0.351,0.245,0.859,0.147,0.259,0,0,0,0,0,0,0,0,2,1,1,0,9,1,4,18,2,16,41.0,0.0,190.775214,0.9026689155670206
242,10.0,0.927,0.971,0.573,0.397,0.281,0.835,0,0,0,0,0,0,0,0,1,0,0,0,8,1,1,11,2,10,0.0,0.0,178.88288999999995,0.8567215781980883
243,10.0,0.647,0.611,0.595,0.849,0.871,0.525,0,0,0,0,0,0,0,0,2,1,1,0,7,1,3,15,1,15,28.0,0.0,186.74599600000002,0.8920012449424214
244,10.0,0.729,0.209,0.711,0.997,0.671,0.669,0,0,0,0,0,0,0,0,2,0,0,0,6,1,2,11,2,10,42.0,0.0,188.471336,0.9078865011475068
245,10.0,0.411,0.403,0.763,0.747,0.287,0.009,0,0,0,0,0,0,0,0,0,0,0,0,5,2,1,8,1,8,4201.0,0.0,145.089466,0.866957962935061
246,10.0,0.839,0.735,0.093,0.961,0.709,0.741,0,0,0,0,0,0,0,0,0,0,2,0,7,1,1,11,2,10,14.0,0.0,193.57233699999995,0.9128971592596259
247,10.0,0.933,0.529,0.021,0.833,0.361,0.585,0,0,0,0,0,0,0,0,1,0,1,0,10,0,4,16,2,14,27.0,0.0,180.530456,0.9180894521839321
248,10.0,0.049,0.221,0.615,0.107,0.453,0.243,0,0,0,0,0,0,0,0,2,1,2,0,6,3,4,18,2,13,6.0,0.0,183.98792999999998,0.8562268309788599
249,10.0,0.911,0.125,0.335,0.131,0.435,0.063,0,0,0,0,0,0,0,0,1,0,0,0,8,0,4,13,2,12,1.0,0.0,130.734981,0.9033660163752149
250,10.0,0.951,0.935,0.897,0.935,0.727,0.475,0,0,0,0,0,0,0,0,1,1,0,0,10,0,4,16,2,14,7.0,0.0,190.15783199999996,0.9041365046535678
251,10.0,0.297,0.905,0.873,0.877,0.809,0.235,0,0,0,0,0,0,0,0,3,0,0,0,6,0,3,12,2,11,0.0,0.0,196.39158999999998,0.8954120907318075
252,10.0,0.125,0.729,0.467,0.915,0.751,0.113,0,0,0,0,0,0,0,0,0,0,1,0,7,1,2,11,1,11,20.0,0.0,198.495548,0.9023551479783243
253,10.0,0.301,0.319,0.729,0.383,0.253,0.103,0,0,0,0,0,0,0,0,1,1,0,1,7,1,5,16,2,14,0.0,0.0,171.77109099999998,0.8962207558488302
254,10.0,0.721,0.133,0.973,0.015,0.341,0.051,0,0,0,0,0,0,0,0,1,0,0,0,4,1,1,7,2,6,51.0,0.0,103.65136100000001,0.9545045495450455
255,10.0,0.679,0.641,0.065,0.431,0.077,0.717,0,0,0,0,0,0,0,0,0,0,1,0,9,1,4,15,1,15,0.0,0.0,193.77557800000002,0.912655601659751
256,10.0,0.903,0.279,0.323,0.987,0.817,0.485,0,0,0,0,0,0,0,0,1,2,1,0,3,1,1,9,2,8,70.0,0.0,191.57762600000004,0.8907070707070707
257,10.0,0.151,0.055,0.521,0.057,0.729,0.149,0,0,0,0,0,0,0,0,1,0,0,0,4,2,0,7,1,7,0.0,0.0,150.539461,0.8402798904776392
258,10.0,0.651,0.313,0.705,0.471,0.319,0.459,0,0,0,0,0,0,0,0,1,0,0,1,11,1,0,14,1,14,0.0,0.0,182.91069399999998,0.8611618931545806
259,10.0,0.553,0.823,0.609,0.871,0.381,0.131,0,0,0,0,0,0,0,0,2,0,0,1,14,0,3,20,2,18,17.0,0.0,175.16483499999998,0.9
260,10.0,0.373,0.469,0.409,0.751,0.011,0.139,0,0,0,0,0,0,0,0,0,0,0,0,10,0,6,16,2,15,74.0,0.0,199.76853499999999,0.8773765214767126
261,10.0,0.015,0.421,0.427,0.267,0.059,0.275,0,0,0,0,0,0,0,0,4,0,4,1,8,3,4,24,2,19,36.0,0.0,220.556457,0.9149437052200614
262,10.0,0.417,0.847,0.075,0.619,0.495,0.865,0,0,0,0,0,0,0,0,0,0,1,1,7,5,2,16,2,14,51.0,0.0,190.094878,0.9082531230800738
263,10.0,0.465,0.295,0.693,0.211,0.741,0.777,0,0,0,0,0,0,0,0,0,0,0,0,10,1,2,13,2,12,1.0,0.0,165.07471400000003,0.8739801435171533
264,10.0,0.189,0.719,0.733,0.955,0.849,0.031,0,0,0,0,0,0,0,0,0,1,0,0,8,1,1,11,1,11,3268.0,0.0,189.928076,0.8851843910806175
265,10.0,0.121,0.467,0.743,0.191,0.139,0.237,0,0,0,0,0,0,0,0,0,0,0,0,9,2,3,14,1,14,5.0,0.0,184.572122,0.8715558742189901
266,10.0,0.895,0.995,0.579,0.395,0.559,0.133,0,0,0,0,0,0,0,0,0,0,0,0,8,2,3,13,1,13,15.0,0.0,159.042151,0.8561256544502618
267,10.0,0.061,0.235,0.673,0.325,0.331,0.059,0,0,0,0,0,0,0,0,0,1,1,0,4,0,1,7,1,7,56.0,0.0,184.724836,0.8770362585391487
268,10.0,0.841,0.353,0.497,0.511,0.909,0.447,0,0,0,0,0,0,0,0,0,1,0,1,11,0,1,14,2,12,35.0,0.0,172.799921,0.8676335410070473
269,10.0,0.103,0.597,0.177,0.007,0.311,0.015,0,0,0,0,0,0,0,0,0,0,0,0,8,1,2,11,1,11,76.0,0.0,127.39412499999997,0.8882105684547638
270,10.0,0.621,0.633,0.121,0.861,0.419,0.123,0,0,0,0,0,0,0,0,1,0,2,1,15,0,8,27,4,15,22.0,0.0,173.76055900000003,0.9242914582720408
271,10.0,0.655,0.841,0.963,0.883,0.007,0.773,0,0,0,0,0,0,0,0,6,6,0,0,8,1,7,28,4,11,36.0,0.0,212.55249400000002,0.891511387163561
272,10.0,0.671,0.027,0.361,0.235,0.893,0.373,0,0,0,0,0,0,0,0,0,0,0,0,9,0,0,9,1,9,0.0,0.0,155.069404,0.867709520356366
273,10.0,0.659,0.393,0.883,0.539,0.439,0.615,0,0,0,0,0,0,0,0,1,0,0,0,10,0,0,11,2,10,168.0,0.0,188.67278799999997,0.8781609195402299
274,10.0,0.941,0.839,0.239,0.823,0.315,0.057,0,0,0,0,0,0,0,0,0,0,0,0,11,7,9,27,3,16,426.0,0.0,167.06671599999996,0.8932635182761052
275,10.0,0.957,0.211,0.587,0.133,0.183,0.701,0,0,0,0,0,0,0,0,0,0,0,0,7,3,0,10,1,10,0.0,0.0,139.431106,0.8858978280819823
276,10.0,0.909,0.885,0.419,0.047,0.857,0.607,0,0,0,0,0,0,0,0,0,0,0,0,9,1,0,10,1,10,37.0,0.0,110.31097199999999,0.898344912137311
277,10.0,0.661,0.731,0.043,0.019,0.065,0.303,0,0,0,0,0,0,0,0,0,0,0,0,7,1,2,10,1,10,0.0,0.0,101.80895999999998,0.9351861347554097
278,10.0,0.455,0.375,0.007,0.399,0.299,0.359,0,0,0,0,0,0,0,0,1,0,0,0,7,1,3,12,1,12,0.0,0.0,176.48497500000002,0.9339202485758674
279,10.0,0.069,0.113,0.243,0.645,0.171,0.461,0,0,0,0,0,0,0,0,1,2,3,0,3,1,2,12,2,11,21.0,0.0,209.25627300000002,0.925910723447922
280,10.0,0.947,0.861,0.649,0.535,0.769,0.647,0,0,0,0,0,0,0,0,0,1,0,0,5,1,1,8,2,7,1.0,0.0,170.621743,0.8830570902394107
281,10.0,0.135,0.849,0.265,0.635,0.349,0.333,0,0,0,0,0,0,0,0,10,1,1,0,7,1,16,36,5,18,14.0,0.0,201.290597,0.9155349794238683
282,10.0,0.599,0.977,0.751,0.689,0.885,0.967,0,0,0,0,0,0,0,0,2,0,0,0,12,0,1,15,3,12,97.0,0.0,195.779384,0.9086934417895272
283,10.0,0.819,0.993,0.925,0.101,0.927,0.493,0,0,0,0,0,0,0,0,0,0,0,1,11,0,1,13,3,11,8.0,0.0,130.641898,0.8894522318321901
284,10.0,0.749,0.439,0.637,0.029,0.493,0.177,0,0,0,0,0,0,0,0,0,0,0,0,12,0,5,17,2,12,9.0,0.0,107.87466700000002,0.9503216960236262
285,10.0,0.311,0.131,0.797,0.807,0.049,0.065,0,0,0,0,0,0,0,0,0,3,5,0,6,9,0,23,4,10,259.0,0.0,193.454553,0.8845918367346939
286,10.0,0.393,0.865,0.905,0.779,0.837,0.663,0,0,0,0,0,0,0,0,1,0,0,1,6,1,7,16,2,14,6.0,0.0,197.57918,0.9025427921242704
287,10.0,0.401,0.167,0.899,0.717,0.195,0.745,0,0,0,0,0,0,0,0,1,2,1,0,10,1,0,15,1,15,35.0,0.0,201.82030699999999,0.9215686274509803
288,10.0,0.623,0.203,0.035,0.669,0.687,0.785,0,0,0,0,0,0,0,0,3,0,1,1,10,2,4,21,2,19,2.0,0.0,190.61075699999998,0.9119201995012469
289,10.0,0.431,0.465,0.271,0.159,0.781,0.225,0,0,0,0,0,0,0,0,1,0,0,0,10,1,5,17,3,14,70.0,0.0,155.93562400000002,0.8687979023799919
290,10.0,0.451,0.415,0.561,0.003,0.141,0.145,0,0,0,0,0,0,0,0,0,0,1,0,9,0,1,11,2,10,36.0,0.0,107.823438,0.962586796559229
291,10.0,0.197,0.091,0.193,0.571,0.855,0.387,0,0,0,0,0,0,0,0,1,1,0,0,6,1,1,10,1,10,4.0,0.0,195.17658300000002,0.9223835753630446
292,10.0,0.421,0.387,0.001,0.981,0.181,0.465,0,0,0,0,0,0,0,0,0,0,0,2,11,2,1,16,3,13,1.0,1.0,192.84807499999997,0.94666392092257
293,10.0,0.253,0.557,0.979,0.873,0.473,0.291,0,0,0,0,0,0,0,0,1,1,4,0,5,10,6,27,6,10,19.0,0.0,198.06550299999995,0.8900798867428455
294,10.0,0.225,0.921,0.151,0.959,0.027,0.499,0,0,0,0,0,0,0,0,1,1,12,1,12,1,11,39,7,14,51.0,0.0,205.923743,0.885064730028418
295,10.0,0.415,0.023,0.965,0.495,0.773,0.747,0,0,0,0,0,0,0,0,1,0,0,0,14,1,0,16,3,14,11.0,0.0,185.105399,0.8897581060216161
296,10.0,0.459,0.397,0.875,0.813,0.189,0.845,0,0,0,0,0,0,0,0,9,0,5,0,14,9,10,47,5,15,62.0,0.0,195.87450199999998,0.8708758837391988
297,10.0,0.675,0.367,0.201,0.681,0.609,0.289,0,0,0,0,0,0,0,0,0,0,0,0,4,0,2,6,1,6,0.0,0.0,176.60465499999998,0.904335579921537
298,10.0,0.847,0.973,0.031,0.167,0.577,0.213,0,0,0,0,0,0,0,0,0,0,0,0,7,3,4,14,1,14,99.0,0.0,137.316853,0.8898642441563744
299,10.0,0.071,0.981,0.749,0.063,0.583,0.901,0,0,0,0,0,0,0,0,0,1,0,0,12,1,1,15,1,15,0.0,0.0,179.417985,0.8411044806311317
300,10.0,0.567,0.999,0.953,0.911,0.359,0.841,0,0,0,0,0,0,0,0,2,0,0,0,6,2,2,12,2,11,16.0,0.0,193.68614199999996,0.9216269841269841
301,10.0,0.435,0.079,0.331,0.041,0.335,0.269,0,0,0,0,0,0,0,0,0,0,0,1,4,2,4,11,2,10,29.0,0.0,124.99307300000001,0.8849964252885303
302,10.0,0.337,0.863,0.169,0.531,0.827,0.479,0,0,0,0,0,0,0,0,2,1,0,2,9,1,1,16,1,16,46.0,0.0,187.179571,0.8981527708437343
303,10.0,0.945,0.609,0.267,0.067,0.955,0.875,0,0,0,0,0,0,0,0,0,0,0,0,9,0,8,17,2,10,0.0,0.0,125.02713099999998,0.8988648090815273
304,10.0,0.797,0.925,0.687,0.737,0.193,0.609,0,0,0,0,0,0,0,0,9,0,0,0,14,1,10,34,4,14,21.0,0.0,191.12848999999997,0.8971800875496284
305,10.0,0.153,0.179,0.663,0.991,0.637,0.265,0,0,0,0,0,0,0,0,11,0,0,7,11,0,7,36,4,15,16.0,0.0,200.49838099999997,0.9199260856174931
306,10.0,0.261,0.773,0.951,0.409,0.459,0.407,0,0,0,0,0,0,0,0,1,0,0,0,8,0,1,10,3,8,137.0,0.0,189.39793699999993,0.8888548057259714
307,10.0,0.223,0.227,0.311,0.573,0.551,0.579,0,0,0,0,0,0,0,0,9,0,9,0,18,15,1,52,5,18,11.0,0.0,203.29188400000004,0.9237217967294556
308,10.0,0.267,0.299,0.717,0.507,0.137,0.923,0,0,0,0,0,0,0,0,0,1,2,0,10,0,2,15,2,13,0.0,0.0,206.398183,0.8953176260065613
309,10.0,0.483,0.821,0.757,0.177,0.531,0.837,0,0,0,0,0,0,0,0,3,0,1,0,8,0,2,14,2,11,27.0,0.0,164.69214699999998,0.8707118574224786
310,10.0,0.033,0.043,0.287,0.081,0.163,0.687,0,0,0,0,0,0,0,0,0,2,0,0,5,1,2,10,1,10,6.0,0.0,201.29333900000003,0.8943105689431057
311,10.0,0.213,0.243,0.123,0.957,0.479,0.209,0,0,0,0,0,0,0,0,3,0,1,1,12,1,1,19,2,16,68.0,0.0,189.11247999999998,0.9131758530183727
312,10.0,0.845,0.041,0.699,0.205,0.943,0.137,0,0,0,0,0,0,0,0,0,0,1,0,6,2,7,16,2,13,24.0,0.0,144.427609,0.8536459940347629
313,10.0,0.107,0.873,0.511,0.719,0.975,0.989,0,0,0,0,0,0,0,0,1,0,1,0,7,0,2,11,2,10,6.0,0.0,211.98852899999997,0.9271063744218782
314,10.0,0.713,0.909,0.775,0.299,0.423,0.233,0,0,0,0,0,0,0,0,1,0,0,6,8,9,7,31,5,15,47.0,0.0,162.44364099999996,0.8666807745212147
315,10.0,0.603,0.405,0.789,0.851,0.851,0.483,0,0,0,0,0,0,0,0,1,3,0,1,11,1,14,31,5,15,103.0,0.0,182.091373,0.9124197431781701
316,10.0,0.403,0.373,0.147,0.945,0.427,0.699,0,0,0,0,0,0,0,0,1,0,1,8,6,1,7,24,6,8,0.0,0.0,199.14003499999998,0.9125361420900454
317,10.0,0.439,0.705,0.205,0.771,0.945,0.027,0,0,0,0,0,0,0,0,0,0,0,0,9,6,8,23,3,11,3506.0,0.0,169.656439,0.897760581545316
318,10.0,0.133,0.679,0.827,0.283,0.743,0.721,0,0,0,0,0,0,0,0,1,0,1,0,10,0,1,13,4,10,18.0,0.0,195.951134,0.866653115153979
319,10.0,0.923,0.137,0.901,0.427,0.755,0.547,0,0,0,0,0,0,0,0,0,1,0,0,6,1,2,10,2,9,27.0,0.0,170.26898599999998,0.8759463005955385
320,10.0,0.931,0.425,0.095,0.193,0.305,0.091,0,0,0,0,0,0,0,0,0,0,0,0,8,0,0,8,1,8,37.0,0.0,140.941341,0.8872712566980083
321,10.0,0.805,0.045,0.185,0.979,0.689,0.155,0,0,0,0,0,0,0,0,2,0,0,0,9,2,2,15,2,14,26.0,0.0,176.64648799999998,0.9024191908924578
322,10.0,0.511,0.775,0.969,0.919,0.821,0.983,0,0,0,0,0,0,0,0,0,1,0,0,12,3,6,22,2,19,4.0,0.0,197.88352399999997,0.9201581872595126
323,10.0,0.341,0.615,0.739,0.541,0.483,0.181,0,0,0,0,0,0,0,0,1,1,0,1,11,1,1,16,2,14,17.0,0.0,181.911247,0.9204911433172303
324,10.0,0.551,0.845,0.411,0.795,0.073,0.907,0,0,0,0,0,0,0,0,0,1,0,0,8,0,1,10,2,9,1.0,0.0,208.16175099999998,0.9203857597209397
325,10.0,0.555,0.771,0.325,0.027,0.385,0.807,0,0,0,0,0,0,0,0,0,0,1,0,5,1,5,12,4,7,83.0,0.0,116.99004399999998,0.922138351773343
326,10.0,0.315,0.191,0.915,0.557,0.351,0.869,0,0,0,0,0,0,0,0,7,1,0,1,9,0,9,27,5,10,0.0,0.0,198.930974,0.8817269686834904
327,10.0,0.037,0.917,0.933,0.749,0.233,0.963,0,0,0,0,0,0,0,0,8,8,0,0,10,0,5,31,4,10,0.0,0.0,231.20897499999995,0.9304588283490373
328,10.0,0.965,0.201,0.053,0.723,0.097,0.115,0,0,0,0,0,0,0,0,0,0,0,0,7,1,1,9,3,7,0.0,0.0,176.886875,0.9205995543852542
329,10.0,0.629,0.443,0.297,0.403,0.685,0.811,0,0,0,0,0,0,0,0,6,3,1,1,2,0,5,18,4,8,36.0,0.0,189.93390799999995,0.8987717908082409
330,10.0,0.829,0.779,0.483,0.269,0.463,0.599,0,0,0,0,0,0,0,0,0,1,0,0,4,3,2,10,2,9,71.0,0.0,160.930384,0.8703396851698426
331,10.0,0.929,0.691,0.315,0.509,0.179,0.507,0,0,0,0,0,0,0,0,0,0,0,0,8,1,2,11,1,11,7.0,0.0,177.329833,0.8782044682384433
332,10.0,0.165,0.193,0.785,0.105,0.275,0.075,0,0,0,0,0,0,0,0,0,1,1,0,20,2,1,25,3,22,19.0,0.0,160.934863,0.862542610788049
333,10.0,0.893,0.085,0.935,0.419,0.371,0.903,0,0,0,0,0,0,0,0,1,1,0,0,10,3,0,15,1,15,23.0,0.0,171.08208199999999,0.8954415372035978
334,10.0,0.021,0.407,0.191,0.973,0.217,0.947,0,0,0,0,0,0,0,0,3,0,1,0,8,1,3,16,2,15,27.0,0.0,211.40652300000002,0.9185497124075596
335,10.0,0.463,0.379,0.771,0.079,0.265,0.187,0,0,0,0,0,0,0,0,0,0,0,1,6,0,1,8,2,7,51.0,0.0,138.757402,0.8806939231003348
336,10.0,0.025,0.411,0.489,0.365,0.719,0.919,0,0,0,0,0,0,0,0,8,1,1,0,9,1,9,29,6,10,23.0,0.0,219.965245,0.9175164058556284
337,10.0,0.783,0.433,0.807,0.897,0.673,0.375,0,0,0,0,0,0,0,0,1,0,0,0,10,5,8,24,3,10,0.0,0.0,186.447401,0.9135977337110481
338,10.0,0.349,0.671,0.843,0.907,0.841,0.985,0,0,0,0,0,0,0,0,6,0,5,0,10,1,8,30,5,10,42.0,0.0,193.17932099999996,0.9167324388318864
339,10.0,0.583,0.561,0.633,0.629,0.297,0.589,0,0,0,0,0,0,0,0,6,1,1,0,10,4,6,28,6,11,45.0,0.0,189.199727,0.8849631966351209
340,10.0,0.901,0.997,0.931,0.643,0.911,0.287,0,0,0,0,0,0,0,0,0,0,0,0,16,6,0,22,2,16,36.0,0.0,171.067937,0.866753953066774
341,10.0,0.351,0.493,0.939,0.605,0.587,0.473,0,0,0,0,0,0,0,0,0,0,1,1,7,1,0,10,2,9,12.0,0.0,188.432429,0.9166494739013823
342,10.0,0.563,0.673,0.815,0.265,0.037,0.219,0,0,0,0,0,0,0,0,2,0,0,0,9,2,4,17,2,15,1.0,0.0,167.2627,0.8661724932385054
343,10.0,0.409,0.857,0.853,0.287,0.533,0.409,0,0,0,0,0,0,0,0,0,0,0,0,2,1,0,3,1,3,29.0,0.0,171.54577899999998,0.8676001235457634
344,10.0,0.979,0.409,0.451,0.457,0.819,0.111,0,0,0,0,0,0,0,0,1,0,0,0,11,2,1,15,2,14,0.0,0.0,153.65463100000002,0.8780156657963446
345,10.0,0.063,0.831,0.279,0.327,0.339,0.335,0,0,0,0,0,0,0,0,2,2,1,0,5,2,3,15,2,13,60.0,0.0,201.42934599999998,0.9131433343772837
346,10.0,0.939,0.753,0.967,0.523,0.537,0.859,0,0,0,0,0,0,0,0,0,1,2,0,9,0,4,16,2,14,51.0,0.0,180.467691,0.8580618385557169
347,10.0,0.405,0.503,0.277,0.441,0.307,0.991,0,0,0,0,0,0,0,0,6,0,1,0,9,13,7,36,5,15,61.0,0.0,187.415628,0.9003682272488164
348,10.0,0.249,0.271,0.197,0.149,0.853,0.881,0,0,0,0,0,0,0,0,0,0,0,0,11,1,5,17,3,11,14.0,0.0,177.73983199999998,0.8848193735614931
349,10.0,0.495,0.161,0.851,0.433,0.247,0.767,0,0,0,0,0,0,0,0,11,0,0,0,11,0,10,32,3,11,0.0,0.0,187.35987399999996,0.8936755270394133
350,10.0,0.589,0.967,0.165,0.767,0.847,0.751,0,0,0,0,0,0,0,0,13,0,1,0,16,6,9,45,4,16,4.0,0.0,193.52992400000002,0.907088122605364
351,10.0,0.353,0.129,0.549,0.123,0.605,0.795,0,0,0,0,0,0,0,0,0,0,0,0,5,1,3,9,3,7,3.0,0.0,163.374446,0.8570701932858596
352,10.0,0.607,0.701,0.607,0.553,0.791,0.431,0,0,0,0,0,0,0,0,1,0,1,0,7,2,4,15,2,14,118.0,0.0,180.326323,0.8787909731440825
353,10.0,0.883,0.881,0.723,0.745,0.611,0.393,0,0,0,0,0,0,0,0,0,0,0,0,11,1,2,14,1,14,80.0,0.0,176.42502899999997,0.8982997809533744
354,10.0,0.869,0.661,0.399,0.065,0.675,0.775,0,0,0,0,0,0,0,0,1,0,0,0,7,3,1,12,1,12,40.0,0.0,118.96979899999998,0.8744311129499379
355,10.0,0.541,0.217,0.469,0.811,0.643,0.543,0,0,0,0,0,0,0,0,2,1,2,1,5,1,1,13,2,11,50.0,0.0,190.843878,0.9117617159703162
356,10.0,0.057,0.317,0.581,0.657,0.801,0.205,0,0,0,0,0,0,0,0,3,2,1,1,15,0,5,27,3,20,14.0,0.0,202.45394900000002,0.913130673421997
357,10.0,0.029,0.759,0.679,0.077,0.329,0.693,0,0,0,0,0,0,0,0,1,0,1,0,11,1,3,17,2,16,77.0,0.0,193.40146699999997,0.8639555295494441
358,10.0,0.857,0.617,0.553,0.377,0.797,0.309,0,0,0,0,0,0,0,0,1,0,1,4,10,1,14,31,6,15,16.0,0.0,165.85515399999997,0.8667676767676767
359,10.0,0.727,0.737,0.839,0.421,0.883,0.183,0,0,0,0,0,0,0,0,0,1,0,0,5,0,7,13,3,8,67.0,0.0,165.392804,0.8913331296466035
360,10.0,0.867,0.069,0.861,0.845,0.613,0.925,0,0,0,0,0,0,0,0,8,1,1,1,1,4,7,23,7,9,7.0,0.0,186.62157000000002,0.9072017928083936
361,10.0,0.193,0.481,0.255,0.943,0.957,0.727,0,0,0,0,0,0,0,0,10,0,0,0,10,3,1,24,4,10,0.0,0.0,202.319996,0.9245554527700689
362,10.0,0.501,0.341,0.907,0.631,0.067,0.211,0,0,0,0,0,0,0,0,4,1,0,8,9,1,3,26,6,11,30.0,0.0,188.79820099999998,0.8953393295175798
363,10.0,0.327,0.245,0.943,0.309,0.149,0.789,0,0,0,0,0,0,0,0,1,0,1,0,4,0,1,7,2,6,0.0,0.0,193.25760300000002,0.9111610333911978
364,10.0,0.937,0.697,0.089,0.913,0.717,0.245,0,0,0,0,0,0,0,0,0,1,0,0,11,2,1,15,1,15,3.0,0.0,178.91111900000004,0.887201296071284
365,10.0,0.525,0.009,0.767,0.977,0.443,0.603,0,0,0,0,0,0,0,0,3,0,0,0,11,2,1,17,2,15,10.0,0.0,189.48122799999996,0.88598336839996
366,10.0,0.773,0.965,0.731,0.153,0.071,0.759,0,0,0,0,0,0,0,0,0,0,0,0,10,3,1,14,1,14,62.0,0.0,151.45893,0.8982418230036342
367,10.0,0.215,0.283,0.799,0.895,0.417,0.823,0,0,0,0,0,0,0,0,4,0,0,1,11,2,3,21,3,18,3.0,0.0,195.63200099999997,0.9208325034853615
368,10.0,0.963,0.115,0.203,0.617,0.735,0.833,0,0,0,0,0,0,0,0,0,0,0,2,9,1,1,13,1,13,54.0,0.0,173.922079,0.9089614484793002
369,10.0,0.885,0.019,0.859,0.069,0.713,0.497,0,0,0,0,0,0,0,0,1,0,0,0,8,1,7,17,2,16,23.0,0.0,117.50909899999999,0.9001192605843769
370,10.0,0.055,0.915,0.983,0.555,0.937,0.317,0,0,0,0,0,0,0,0,6,0,4,0,10,1,1,22,5,10,7.0,0.0,204.46024499999996,0.926986969063961
371,10.0,0.653,0.685,0.923,0.735,0.593,0.039,0,0,0,0,0,0,0,0,1,0,0,0,13,8,1,23,4,14,529.0,0.0,159.424752,0.8673578452330055
372,10.0,0.575,0.575,0.365,0.755,0.765,0.723,0,0,0,0,0,0,0,0,11,1,1,0,10,1,7,31,6,11,4.0,0.0,193.357481,0.8990835030549899
373,10.0,0.313,0.555,0.425,0.725,0.939,0.993,0,0,0,0,0,0,0,0,0,0,1,8,9,0,4,22,4,10,0.0,0.0,200.30230799999998,0.9237984822934233
374,10.0,0.229,0.013,0.623,0.179,0.567,0.931,0,0,0,0,0,0,0,0,0,0,0,0,5,3,0,8,1,8,0.0,0.0,184.62448600000002,0.8899156287665729
375,10.0,0.471,0.613,0.249,0.763,0.013,0.849,0,0,0,0,0,0,0,0,1,0,0,0,2,2,3,8,1,8,30.0,0.0,216.97623899999996,0.9186743819042609
376,10.0,0.247,0.505,0.109,0.925,0.431,0.565,0,0,0,0,0,0,0,0,1,1,1,0,7,1,3,14,2,13,143.0,0.0,189.741882,0.9101123595505618
377,10.0,0.473,0.749,0.683,0.463,0.799,0.147,0,0,0,0,0,0,0,0,2,0,0,0,4,0,1,7,2,6,2.0,0.0,175.15978299999998,0.9001683668416361
378,10.0,0.191,0.789,0.057,0.301,0.429,0.893,0,0,0,0,0,0,0,0,2,1,1,0,9,2,3,18,2,17,15.0,0.0,184.697839,0.9018493646037814
379,10.0,0.255,0.579,0.125,0.951,0.635,0.611,0,0,0,0,0,0,0,0,2,1,1,1,6,1,1,13,2,11,9.0,0.0,198.66053499999995,0.9144069550817636
380,10.0,0.233,0.119,0.421,0.479,0.603,0.441,0,0,0,0,0,0,0,0,4,0,0,0,15,4,7,30,4,19,0.0,0.0,188.13710999999995,0.9008082292432035
381,10.0,0.793,0.513,0.105,0.115,0.963,0.047,0,0,0,0,0,0,0,0,0,0,0,0,16,3,4,23,3,16,2.0,0.0,128.74372699999998,0.8973622087652674
382,10.0,0.065,0.665,0.133,0.727,0.915,0.763,0,0,0,0,0,0,0,0,9,0,1,0,8,6,15,39,5,16,32.0,0.0,212.009498,0.9287272006344172
383,10.0,0.251,0.499,0.099,0.547,0.731,0.099,0,0,0,0,0,0,0,0,1,7,0,0,6,1,0,15,3,8,8.0,0.0,181.620959,0.8873068767040291
384,10.0,0.993,0.785,0.393,0.777,0.175,0.783,0,0,0,0,0,0,0,0,1,0,0,0,4,1,0,6,3,4,23.0,0.0,195.50970900000002,0.8990457056755399
385,10.0,0.091,0.573,0.017,0.579,0.469,0.255,0,0,0,0,0,0,0,0,2,0,1,0,3,0,3,9,2,8,2.0,0.0,201.227123,0.9356415478615071
386,10.0,0.355,0.145,0.291,0.791,0.519,0.013,0,0,0,0,0,0,0,0,1,0,0,0,6,0,1,8,1,8,3882.0,0.0,164.37096400000001,0.9076047292366078
387,10.0,0.493,0.385,0.079,0.941,0.619,0.969,0,0,0,0,0,0,0,0,1,0,1,0,10,0,3,15,2,14,63.0,0.0,188.079797,0.9240811407913235
388,10.0,0.799,0.569,0.199,0.765,0.465,0.345,0,0,0,0,0,0,0,0,0,0,0,0,8,1,4,13,2,12,0.0,0.0,178.40768699999998,0.8883615352868345
389,10.0,0.335,0.253,0.241,0.741,0.875,0.093,0,0,0,0,0,0,0,0,1,0,1,1,7,2,2,14,2,11,0.0,0.0,184.60261,0.8778225806451613
390,10.0,0.787,0.811,0.977,0.001,0.481,0.033,0,0,0,0,0,0,0,0,2,0,0,1,7,1,1,12,2,11,90.0,0.0,102.79573900000001,0.8894704433497537
391,10.0,0.389,0.239,0.293,0.313,0.167,0.185,0,0,0,0,0,0,0,0,1,1,0,0,8,1,6,17,2,14,1.0,0.0,176.58569000000003,0.8919311346193736
392,10.0,0.339,0.923,0.719,0.665,0.923,0.343,0,0,0,0,0,0,0,0,1,1,0,0,14,1,14,31,5,16,0.0,0.0,196.57376299999999,0.9273321085935905
393,10.0,0.953,0.541,0.527,0.185,0.627,0.097,0,0,0,0,0,0,0,0,0,0,0,0,12,1,1,14,3,12,0.0,0.0,143.403191,0.8856185933218309
394,10.0,0.695,0.875,0.113,0.819,0.953,0.089,0,0,0,0,0,0,0,0,1,0,0,0,10,1,1,13,4,10,2.0,0.0,170.961993,0.8894633440181987
395,10.0,0.101,0.361,0.047,0.415,0.115,0.301,0,0,0,0,0,0,0,0,1,7,1,11,14,1,17,52,7,17,26.0,0.0,189.073825,0.9060883406287306
396,10.0,0.697,0.471,0.051,0.009,0.835,0.449,0,0,0,0,0,0,0,0,0,0,0,0,10,1,6,17,3,10,94.0,0.0,97.64080599999998,0.897465080186239
397,10.0,0.155,0.897,0.871,0.075,0.929,0.891,0,0,0,0,0,0,0,0,7,0,0,0,10,1,7,25,3,10,32.0,0.0,165.296648,0.8138046784852617
398,10.0,0.677,0.567,0.063,0.953,0.869,0.659,0,0,0,0,0,0,0,0,1,0,1,1,14,0,1,18,4,14,25.0,0.0,187.56761800000004,0.9101146393425992
399,10.0,0.549,0.347,0.831,0.989,0.157,0.635,0,0,0,0,0,0,0,0,7,0,0,0,14,0,4,25,3,16,1.0,0.0,200.929799,0.9122521606507371
400,10.0,0.861,0.063,0.727,0.641,0.369,0.879,0,0,0,0,0,0,0,0,1,0,0,0,17,9,4,31,4,18,0.0,0.0,191.486195,0.8830024311183144
401,10.0,0.763,0.173,0.449,0.017,0.471,0.627,0,0,0,0,0,0,0,0,0,6,1,0,12,1,1,21,3,12,27.0,0.0,100.237728,0.956861133935908
402,10.0,0.381,0.523,0.139,0.711,0.257,0.403,0,0,0,0,0,0,0,0,0,0,1,0,1,0,0,2,2,1,25.0,0.0,196.02625,0.8912374307408167
403,10.0,0.827,0.123,0.071,0.587,0.549,0.247,0,0,0,0,0,0,0,0,5,0,1,0,9,8,1,24,5,10,33.0,0.0,179.81715799999998,0.9024390243902439
404,10.0,0.009,0.553,0.301,0.095,0.325,0.469,0,0,0,0,0,0,0,0,6,0,0,0,8,1,1,16,4,8,19.0,0.0,199.87916099999995,0.9265397994679763
405,10.0,0.001,0.659,0.261,0.295,0.771,0.383,0,0,0,0,0,0,0,0,14,1,8,4,17,6,10,60,7,17,59.0,0.0,215.663103,0.9353730877302529
406,10.0,0.345,0.527,0.659,0.319,0.125,0.001,0,0,0,0,0,0,0,0,0,0,0,0,1,0,0,1,1,1,7902.0,0.0,116.93233699999999,0.7873693133653574
407,10.0,0.643,0.291,0.881,0.985,0.035,0.933,0,0,0,0,0,0,0,0,0,1,1,0,7,1,4,14,5,9,26.0,0.0,209.671869,0.8892239646160032
408,10.0,0.099,0.189,0.647,0.263,0.967,0.787,0,0,0,0,0,0,0,0,0,1,5,0,15,5,1,27,5,16,35.0,0.0,191.63599199999996,0.8942194678918688
409,10.0,0.123,0.495,0.349,0.473,0.091,0.509,0,0,0,0,0,0,0,0,1,0,1,0,13,8,1,24,5,14,10.0,0.0,204.64809299999996,0.9167165967645297
410,10.0,0.613,0.879,0.895,0.151,0.665,0.577,0,0,0,0,0,0,0,0,1,0,1,0,8,0,1,11,4,8,10.0,0.0,153.898751,0.8639306703854965
411,10.0,0.307,0.457,0.055,0.499,0.399,0.883,0,0,0,0,0,0,0,0,6,0,0,0,6,1,0,13,3,7,20.0,0.0,184.13023999999996,0.8921648643134055
412,10.0,0.299,0.955,0.367,0.837,0.897,0.295,0,0,0,0,0,0,0,0,1,1,0,0,10,0,3,15,3,10,0.0,0.0,193.61855099999997,0.9037219317133189
413,10.0,0.397,0.033,0.681,0.585,0.607,0.549,0,0,0,0,0,0,0,0,10,1,1,0,11,0,17,40,4,18,1.0,0.0,187.436694,0.9168022782750204
414,10.0,0.683,0.645,0.651,0.333,0.651,0.481,0,0,0,0,0,0,0,0,0,0,0,1,10,0,0,11,2,10,0.0,0.0,172.984012,0.8771929824561403
415,10.0,0.685,0.655,0.809,0.449,0.565,0.877,0,0,0,0,0,0,0,0,1,0,0,0,7,6,6,20,4,11,4.0,0.0,186.798831,0.8956360642239605
416,10.0,0.561,0.721,0.535,0.083,0.863,0.395,0,0,0,0,0,0,0,0,6,0,0,0,1,2,8,17,3,8,8.0,0.0,136.328876,0.8453292496171516
417,10.0,0.999,0.591,0.885,0.551,0.777,0.573,0,0,0,0,0,0,0,0,1,1,0,0,7,0,3,12,4,8,66.0,0.0,172.37110599999997,0.8445408532176428
418,10.0,0.731,0.349,0.289,0.091,0.589,0.327,0,0,0,0,0,0,0,0,0,0,0,0,10,0,7,17,2,10,32.0,0.0,130.28986799999998,0.8645630570638254
419,10.0,0.859,0.799,0.217,0.673,0.159,0.273,0,0,0,0,0,0,0,0,1,0,0,0,16,1,12,30,4,17,22.0,0.0,176.818232,0.905829596412556
420,10.0,0.813,0.535,0.833,0.025,0.061,0.643,0,0,0,0,0,0,0,0,0,0,0,0,16,5,6,27,3,16,30.0,0.0,112.554345,0.9839310418218581
421,10.0,0.075,0.159,0.655,0.655,0.515,0.961,0,0,0,0,0,0,0,0,1,0,8,8,10,6,1,34,5,10,33.0,0.0,205.29119000000003,0.9290787337662337
422,10.0,0.739,0.311,0.435,0.797,0.425,0.361,0,0,0,0,0,0,0,0,1,0,1,1,10,0,1,14,5,10,9.0,0.0,184.091564,0.8971953387319771
423,10.0,0.395,0.487,0.285,0.213,0.379,0.753,0,0,0,0,0,0,0,0,10,0,0,8,9,0,12,39,4,15,0.0,0.0,175.251173,0.9060013751104999
424,10.0,0.045,0.177,0.685,0.303,0.337,0.601,0,0,0,0,0,0,0,0,8,1,0,11,10,1,7,38,6,11,4.0,0.0,212.38287899999997,0.9140463384360777
425,10.0,0.825,0.141,0.401,0.929,0.285,0.157,0,0,0,0,0,0,0,0,0,1,9,0,9,9,9,37,5,10,43.0,0.0,180.19226799999998,0.8908440202803459
426,10.0,0.967,0.011,0.173,0.317,0.055,0.353,0,0,0,0,0,0,0,0,0,0,0,1,8,0,9,18,3,9,58.0,0.0,170.01747499999996,0.8890010090817356
427,10.0,0.171,0.331,0.667,0.143,0.283,0.725,0,0,0,0,0,0,0,0,0,0,0,0,10,0,1,11,2,10,21.0,0.0,181.63888999999998,0.8956567242281528
428,10.0,0.667,0.587,0.471,0.995,0.267,0.083,0,0,0,0,0,0,0,0,0,0,0,0,7,1,5,13,3,7,213.0,0.0,189.77854099999996,0.8975848364414553
429,10.0,0.485,0.625,0.487,0.331,0.645,0.417,0,0,0,0,0,0,0,0,1,1,0,0,10,0,4,16,4,11,11.0,0.0,173.63206099999996,0.8747960848287113
430,10.0,0.199,0.381,0.479,0.039,0.475,0.793,0,0,0,0,0,0,0,0,0,0,0,0,10,1,1,12,3,10,48.0,0.0,149.9964,0.8896558725002538
431,10.0,0.375,0.431,0.223,0.947,0.095,0.665,0,0,0,0,0,0,0,0,10,1,7,3,15,4,14,54,7,15,17.0,0.0,194.69034,0.9186758893280632
432,10.0,0.257,0.589,0.505,0.005,0.255,0.945,0,0,0,0,0,0,0,0,0,0,0,1,8,5,0,14,3,8,38.0,0.0,112.15017499999999,0.9724761113419194
433,10.0,0.041,0.793,0.247,0.489,0.003,0.037,0,0,0,0,0,0,0,0,1,0,0,0,6,1,9,17,4,9,178.0,0.0,210.72216099999997,0.9010084379501955
434,10.0,0.285,0.303,0.821,0.451,0.509,0.069,0,0,0,0,0,0,0,0,1,0,0,1,18,1,0,21,4,18,49.0,0.0,177.47545399999998,0.870831234256927
435,10.0,0.823,0.855,0.491,0.971,0.993,0.455,0,0,0,0,0,0,0,0,0,0,1,0,10,6,10,27,3,13,67.0,0.0,186.63800399999997,0.9107396149949342
436,10.0,0.981,0.531,0.867,0.119,0.069,0.839,0,0,0,0,0,0,0,0,0,0,0,0,1,1,6,8,3,6,0.0,0.0,150.680538,0.8753321070917638
437,10.0,0.771,0.913,0.039,0.379,0.021,0.121,0,0,0,0,0,0,0,0,0,0,0,0,8,7,0,15,2,9,9.0,0.0,170.244528,0.9267493084724926
438,10.0,0.705,0.783,0.671,0.975,0.767,0.221,0,0,0,0,0,0,0,0,6,0,0,1,7,1,0,15,3,9,17.0,0.0,177.39283899999998,0.9149181703734788
439,10.0,0.363,0.889,0.697,0.675,0.763,0.203,0,0,0,0,0,0,0,0,9,0,1,7,10,0,7,34,5,10,157.0,0.0,181.40823900000004,0.9110220440881763
440,10.0,0.601,0.077,0.879,0.969,0.143,0.771,0,0,0,0,0,0,0,0,5,0,1,0,9,0,4,19,3,9,0.0,0.0,200.39804999999998,0.8919774458403403
441,10.0,0.545,0.101,0.605,0.857,0.487,0.223,0,0,0,0,0,0,0,0,0,1,1,5,8,0,5,20,3,9,0.0,0.0,182.469628,0.8918776925501734
442,10.0,0.161,0.427,0.957,0.099,0.745,0.019,0,0,0,0,0,0,0,0,0,6,0,0,8,0,8,22,3,9,0.0,0.0,163.627536,0.9054643673384584
443,10.0,0.433,0.681,0.495,0.371,0.079,0.559,0,0,0,0,0,0,0,0,1,0,0,0,12,6,7,26,4,13,35.0,0.0,190.601387,0.8872569300786098
444,10.0,0.873,0.287,0.027,0.279,0.367,0.521,0,0,0,0,0,0,0,0,0,0,0,0,9,0,1,10,2,9,10.0,0.0,163.13935800000002,0.9104673463207833
445,10.0,0.147,0.153,0.059,0.225,0.235,0.653,0,0,0,0,0,0,0,0,7,0,6,0,12,1,6,32,4,12,79.0,0.0,177.2354,0.8972864321608041
446,10.0,0.879,0.703,0.929,0.111,0.017,0.249,0,0,0,0,0,0,0,0,5,0,1,0,15,8,6,35,4,15,9.0,0.0,145.418956,0.9314959057319753
447,10.0,0.673,0.801,0.559,0.341,0.271,0.189,0,0,0,0,0,0,0,0,1,0,0,0,8,10,0,19,3,10,51.0,0.0,169.81970099999998,0.8711899791231733
448,10.0,0.243,0.215,0.127,0.683,0.447,0.285,0,0,0,0,0,0,0,0,10,7,4,0,10,1,1,33,5,10,15.0,0.0,182.93803099999997,0.8982599795291709
449,10.0,0.617,0.603,0.783,0.923,0.541,0.085,0,0,0,0,0,0,0,0,6,0,0,0,8,1,1,16,4,9,2.0,0.0,183.32289999999998,0.8944455425973512
450,10.0,0.011,0.259,0.443,0.867,0.269,0.355,0,0,0,0,0,0,0,0,1,1,9,0,12,6,7,36,6,13,27.0,0.0,219.986949,0.9344621513944223
451,10.0,0.237,0.003,0.721,0.699,0.833,0.749,0,0,0,0,0,0,0,0,7,1,6,0,11,0,3,28,4,11,46.0,0.0,191.058948,0.9238009412235907
452,10.0,0.089,0.453,0.153,0.417,0.677,0.561,0,0,0,0,0,0,0,0,0,0,0,0,8,1,4,13,3,10,0.0,0.0,200.75211500000003,0.920352191073778
453,10.0,0.557,0.651,0.715,0.337,0.555,0.053,0,0,0,0,0,0,0,0,0,0,0,0,7,1,0,8,2,7,7.0,0.0,152.554125,0.8675348458642792
454,10.0,0.143,0.097,0.769,0.031,0.005,0.453,0,0,0,0,0,0,0,0,0,1,0,0,10,1,3,15,4,10,2.0,0.0,169.31884300000002,0.96028843139304
455,10.0,0.691,0.029,0.575,0.649,0.787,0.941,0,0,0,0,0,0,0,0,0,1,5,0,14,1,11,32,5,16,49.0,0.0,185.46058399999998,0.8846192841934503
456,10.0,0.273,0.343,0.537,0.183,0.633,0.169,0,0,0,0,0,0,0,0,0,7,0,0,17,0,9,33,3,17,113.0,0.0,167.068126,0.8794226721459356
457,10.0,0.329,0.803,0.551,0.345,0.403,0.173,0,0,0,0,0,0,0,0,0,0,0,0,16,1,1,18,3,16,45.0,0.0,178.53416099999998,0.8725864629747507
458,10.0,0.619,0.781,0.429,0.321,0.889,0.035,0,0,0,0,0,0,0,0,0,1,0,1,10,0,3,15,3,10,30.0,0.0,149.22651800000003,0.8662873399715505
459,10.0,0.907,0.021,0.107,0.671,0.621,0.505,0,0,0,0,0,0,0,0,1,0,5,7,15,7,1,36,5,15,30.0,0.0,175.848703,0.8939333862014275
460,10.0,0.537,0.795,0.455,0.787,0.327,0.595,0,0,0,0,0,0,0,0,1,0,0,0,7,1,1,10,4,7,22.0,0.0,191.249898,0.906580259222333
461,10.0,0.719,0.507,0.015,0.561,0.389,0.277,0,0,0,0,0,0,0,0,1,0,1,0,9,0,9,20,4,12,42.0,0.0,171.045808,0.9268492869600903
462,10.0,0.759,0.927,0.131,0.583,0.807,0.889,0,0,0,0,0,0,0,0,1,0,3,0,4,2,0,10,4,5,1.0,0.0,183.121115,0.9001938973364629
463,10.0,0.361,0.901,0.937,0.445,0.211,0.641,0,0,0,0,0,0,0,0,0,3,0,0,12,4,1,20,3,12,106.0,0.0,197.64536399999997,0.9180311196989729
464,10.0,0.737,0.399,0.385,0.525,0.881,0.921,0,0,0,0,0,0,0,0,0,0,0,1,10,2,10,23,4,10,5.0,0.0,195.39315799999997,0.9029363784665579
465,10.0,0.717,0.951,0.137,0.855,0.089,0.135,0,0,0,0,0,0,0,0,1,0,0,0,6,6,0,13,3,7,83.0,0.0,183.10056799999998,0.8951446280991735
466,10.0,0.971,0.005,0.791,0.465,0.177,0.011,0,0,0,0,0,0,0,0,0,0,0,0,7,0,0,7,1,7,3765.0,0.0,147.173369,0.8434163701067615
467,10.0,0.109,0.275,0.319,0.315,0.699,0.673,0,0,0,0,0,0,0,0,1,0,7,1,10,0,1,20,5,10,0.0,0.0,190.61129499999998,0.9024414952892311
468,10.0,0.423,0.195,0.589,0.323,0.401,0.729,0,0,0,0,0,0,0,0,6,0,1,10,7,1,0,25,5,11,11.0,0.0,178.94216000000003,0.9011688582759341
469,10.0,0.587,0.441,0.779,0.247,0.451,0.141,0,0,0,0,0,0,0,0,1,0,0,1,17,5,9,33,4,17,17.0,0.0,155.79074899999998,0.8679037111334001
470,10.0,0.703,0.305,0.371,0.139,0.041,0.191,0,0,0,0,0,0,0,0,0,0,0,0,14,1,10,25,3,15,44.0,0.0,148.716753,0.8875349580503396
471,10.0,0.489,0.335,0.909,0.245,0.295,0.667,0,0,0,0,0,0,0,0,1,0,0,0,11,8,10,30,4,11,20.0,0.0,170.87561099999996,0.8785706972458278
472,10.0,0.735,0.751,0.341,0.141,0.129,0.951,0,0,0,0,0,0,0,0,1,0,0,0,13,0,0,14,2,13,31.0,0.0,152.788116,0.8863332991066845
473,10.0,0.701,0.757,0.995,0.355,0.711,0.281,0,0,0,0,0,0,0,0,1,0,0,6,19,8,10,44,4,19,18.0,0.0,168.791204,0.8588080275694304
474,10.0,0.447,0.867,0.347,0.195,0.225,0.709,0,0,0,0,0,0,0,0,1,0,0,0,1,6,1,9,4,6,12.0,0.0,176.068837,0.896301667875272
475,10.0,0.817,0.859,0.917,0.261,0.705,0.819,0,0,0,0,0,0,0,0,0,0,0,0,16,0,12,28,2,16,30.0,0.0,160.93451,0.8668420520084994
476,10.0,0.283,0.107,0.985,0.817,0.025,0.569,0,0,0,0,0,0,0,0,6,1,1,0,14,1,0,23,5,14,37.0,0.0,214.76490500000003,0.8868003780321327
477,10.0,0.209,0.459,0.761,0.285,0.511,0.511,0,0,0,0,0,0,0,0,0,5,0,5,8,0,7,25,4,10,50.0,0.0,179.842327,0.9054706355591311
478,10.0,0.367,0.669,0.149,0.537,0.557,0.939,0,0,0,0,0,0,0,0,0,0,0,0,10,1,7,18,3,10,1.0,0.0,199.24940899999996,0.9002100840336135
479,10.0,0.611,0.455,0.735,0.565,0.057,0.765,0,0,0,0,0,0,0,0,1,0,0,1,14,7,1,24,4,14,16.0,0.0,202.02648200000002,0.8800164642930645
480,10.0,0.627,0.571,0.345,0.917,0.725,0.005,0,0,0,0,0,0,0,0,0,0,0,0,7,6,1,14,3,7,7136.0,0.0,139.867385,0.8363665646641971
481,10.0,0.073,0.521,0.415,0.199,0.525,0.127,0,0,0,0,0,0,0,0,0,0,1,0,9,0,10,20,3,11,11.0,0.0,177.07634800000002,0.9041649818034776
482,10.0,0.097,0.485,0.997,0.413,0.347,0.827,0,0,0,0,0,0,0,0,9,1,8,8,11,0,8,45,6,11,31.0,0.0,214.527385,0.9289329169807258
483,10.0,0.821,0.383,0.583,0.129,0.779,0.649,0,0,0,0,0,0,0,0,0,1,0,0,13,0,3,17,3,14,142.0,0.0,137.186314,0.8787302223112358
484,10.0,0.711,0.767,0.257,0.443,0.529,0.119,0,0,0,0,0,0,0,0,1,0,0,10,1,1,0,13,3,11,40.0,0.0,160.808084,0.8619689119170985
485,10.0,0.785,0.891,0.391,0.967,0.535,0.365,0,0,0,0,0,0,0,0,1,0,0,0,18,7,11,37,3,18,23.0,0.0,184.46810800000003,0.9059400772523228
486,10.0,0.005,0.025,0.085,0.481,0.355,0.685,0,0,0,0,0,0,0,0,8,0,0,0,7,1,7,23,4,9,0.0,0.0,227.449182,0.9539494062983996
487,10.0,0.849,0.983,0.629,0.233,0.457,0.943,0,0,0,0,0,0,0,0,0,6,0,0,6,8,9,29,4,11,113.0,0.0,159.289465,0.8814521853767366
488,10.0,0.853,0.547,0.111,0.785,0.803,0.987,0,0,0,0,0,0,0,0,1,0,1,0,1,1,1,5,5,1,0.0,0.0,182.787968,0.8998226025253052
489,10.0,0.371,0.791,0.073,0.087,0.415,0.645,0,0,0,0,0,0,0,0,1,0,0,0,8,8,6,23,4,10,56.0,0.0,157.02092299999998,0.8719524481160589
490,10.0,0.289,0.135,0.533,0.347,0.161,0.817,0,0,0,0,0,0,0,0,1,1,1,0,10,9,9,31,6,10,96.0,0.0,192.080941,0.8872488724887249
491,10.0,0.271,0.667,0.641,0.609,0.231,0.489,0,0,0,0,0,0,0,0,0,6,3,0,10,0,5,24,3,12,85.0,0.0,188.34613000000002,0.9046983996717275
492,10.0,0.039,0.265,0.913,0.703,0.981,0.435,0,0,0,0,0,0,0,0,0,8,1,1,11,4,2,27,6,11,0.0,0.0,218.168546,0.9105159348074328
493,10.0,0.293,0.081,0.657,0.927,0.543,0.007,0,0,0,0,0,0,0,0,0,1,0,0,15,4,0,20,3,15,7596.0,0.0,153.81645300000002,0.8324094366378755
494,10.0,0.807,0.105,0.373,0.757,0.969,0.045,0,0,0,0,0,0,0,0,1,1,0,0,9,0,9,20,4,11,399.0,0.0,161.77552300000005,0.87602523659306
495,10.0,0.221,0.985,0.083,0.835,0.135,0.389,0,0,0,0,0,0,0,0,1,5,0,1,8,4,6,25,6,10,11.0,0.0,194.624434,0.8887963348604748
496,10.0,0.745,0.267,0.941,0.679,0.087,0.733,0,0,0,0,0,0,0,0,1,0,1,0,7,1,9,19,5,10,129.0,0.0,197.93797599999996,0.8645003065603925
497,10.0,0.453,0.213,0.517,0.597,0.971,0.331,0,0,0,0,0,0,0,0,0,0,0,0,12,7,8,27,3,12,10.0,0.0,189.88565999999997,0.9022291342664593
498,10.0,0.179,0.175,0.993,0.219,0.979,0.629,0,0,0,0,0,0,0,0,1,0,0,0,14,0,1,16,3,14,5.0,0.0,180.608599,0.8626547948009415
499,10.0,0.149,0.765,0.591,0.863,0.223,0.197,0,0,0,0,0,0,0,0,1,1,1,0,10,0,7,20,5,10,32.0,0.0,195.326501,0.8993595608417201
